Date,Time,Latitude,Longtitude,Speed,Tempature,Barometric_Pressure,Humidity,Gas,Altitude
130318,172117,37.5457,-122.275395,0.16, 23.14,29.97,59.34,9.21,106.73
130318,172124,37.5456983333,-122.275433333,0.06, 23.22,29.97,57.81,11.89,106.90
130318,172131,37.5456966667,-122.275418333,0.23, 23.27,29.97,58.04,14.16,107.07
130318,172138,37.5456983333,-122.275391667,0.13, 23.32,29.97,58.56,16.47,107.07
130318,172145,37.545695,-122.275381667,0.18, 23.35,29.97,58.12,18.99,107.07
130318,172153,37.5457033333,-122.275371667,0.29, 23.37,29.97,57.51,21.31,107.23
130318,172200,37.54571,-122.27537,0.62, 23.38,29.97,57.10,23.49,107.07
130318,172207,37.5457183333,-122.275371667,0.16, 23.40,29.97,57.00,25.88,107.07
130318,172214,37.5457166667,-122.27533,1.09, 23.41,29.97,56.91,27.91,107.23
130318,172221,37.5457183333,-122.275336667,0.45, 23.42,29.97,56.92,29.37,107.23
130318,172228,37.5457183333,-122.275345,0.05, 23.44,29.97,56.75,31.24,107.40
130318,172235,37.5457233333,-122.275346667,0.22, 23.46,29.97,56.71,32.84,107.40
130318,172242,37.5457283333,-122.275346667,0.17, 23.48,29.97,57.17,34.50,107.40
130318,172249,37.5457283333,-122.275346667,0.02, 23.50,29.97,56.98,36.09,107.40
130318,172257,37.5457283333,-122.275346667,0.02, 23.52,29.97,56.76,37.17,107.40
130318,172304,37.5457283333,-122.275346667,0.01, 23.55,29.97,56.59,38.36,107.23
130318,172311,37.5457283333,-122.275346667,0.02, 23.57,29.97,56.53,39.84,106.90
130318,172318,37.5457283333,-122.275346667,0.01, 23.60,29.97,56.83,40.57,107.07
130318,172325,37.5457283333,-122.275346667,0.03, 23.63,29.97,57.06,41.28,106.90
130318,172332,37.5457283333,-122.275346667,0.02, 23.65,29.97,56.55,42.70,107.07
130318,172339,37.5457283333,-122.275346667,0.03, 23.67,29.97,56.10,43.81,106.90
130318,172346,37.545725,-122.275358333,0.56, 23.69,29.97,55.96,44.69,107.07
130318,172353,37.5457166667,-122.275376667,0.83, 23.71,29.97,55.72,45.90,107.07
130318,172400,37.545685,-122.275426667,0.92, 23.71,29.97,53.70,47.13,106.73
130318,172407,37.5456616667,-122.275431667,0.20, 23.68,29.97,52.33,48.71,106.73
130318,172414,37.5456633333,-122.275435,0.32, 23.64,29.97,51.92,50.04,106.40
130318,172421,37.5456666667,-122.275431667,0.10, 23.61,29.98,51.56,50.91,106.40
130318,172428,37.5456683333,-122.275428333,0.24, 23.58,29.98,51.01,52.33,106.07
130318,172435,37.54566,-122.275428333,0.22, 23.55,29.98,50.67,53.40,105.90
130318,172449,37.54566,-122.275423333,0.18, 23.52,29.98,50.46,54.60,106.07
130318,172456,37.5456616667,-122.275423333,0.17, 23.50,29.98,50.56,55.61,106.24
130318,172503,37.5456583333,-122.27542,0.29, 23.48,29.98,51.30,55.50,106.07
130318,172510,37.5456566667,-122.275415,0.06, 23.44,29.98,52.01,54.78,106.07
130318,172517,37.54566,-122.275408333,0.42, 23.40,29.98,52.05,55.43,106.07
130318,172524,37.5456616667,-122.275395,0.31, 23.36,29.98,50.82,56.43,105.90
130318,172531,37.545665,-122.275371667,0.40, 23.32,29.98,50.97,56.43,105.90
130318,172538,37.5456616667,-122.275355,0.25, 23.28,29.98,50.24,57.59,105.74
130318,172545,37.545665,-122.275351667,0.29, 23.23,29.98,50.87,57.74,105.90
130318,172552,37.54566,-122.27535,0.29, 23.19,29.98,52.10,57.59,105.90
130318,172559,37.5456383333,-122.27541,1.93, 23.16,29.98,52.89,57.82,105.90
130318,172606,37.545575,-122.275473333,0.55, 23.13,29.98,52.42,57.70,105.90
130318,172613,37.545625,-122.275573333,5.48, 23.09,29.98,52.33,57.98,106.24
130318,172620,37.5457333333,-122.275858333,6.88, 23.06,29.98,52.02,58.79,106.07
130318,172627,37.54592,-122.276023333,8.44, 23.04,29.98,51.83,59.20,106.24
130318,172634,37.5463066667,-122.2758,14.26, 23.03,29.98,51.63,59.75,106.07
130318,172641,37.5468033333,-122.275495,18.00, 23.03,29.98,51.41,60.61,106.07
130318,172648,37.547345,-122.275205,17.59, 23.02,29.98,51.07,60.82,106.24
130318,172655,37.5479266667,-122.275191667,19.56, 23.02,29.98,50.74,61.18,106.57
130318,172702,37.54851,-122.275516667,18.33, 23.01,29.98,50.57,61.71,106.57
130318,172709,37.548905,-122.276026667,18.12, 23.00,29.97,50.61,61.90,106.57
130318,172716,37.5493066667,-122.276678333,21.16, 22.99,29.97,50.64,62.40,106.73
130318,172723,37.5497133333,-122.277328333,20.22, 22.97,29.97,50.49,62.72,106.73
130318,172730,37.5500416667,-122.277925,17.46, 22.95,29.98,50.46,63.19,106.24
130318,172737,37.55042,-122.27852,20.09, 22.92,29.98,50.72,63.38,105.90
130318,172744,37.5509716667,-122.278908333,18.25, 22.90,29.98,50.80,63.38,105.74
130318,172758,37.55157,-122.279088333,12.42, 22.88,29.98,50.74,64.11,105.24
130318,172805,37.5517683333,-122.279798333,19.48, 22.88,29.98,50.49,64.64,105.57
130318,172812,37.552045,-122.280408333,14.24, 22.88,29.98,50.20,64.84,105.57
130318,172819,37.5516083333,-122.281021667,28.08, 22.88,29.98,49.95,65.40,106.24
130318,172826,37.5508166667,-122.281806667,32.16, 22.86,29.97,49.55,66.27,106.73
130318,172833,37.5500016667,-122.282588333,30.58, 22.85,29.97,49.33,66.53,106.73
130318,172840,37.5491683333,-122.283286667,31.26, 22.84,29.97,49.28,66.95,107.65
130318,172847,37.5481233333,-122.283706667,34.75, 22.83,29.97,49.16,67.43,109.47
130318,172854,37.5470933333,-122.284105,31.87, 22.82,29.96,48.99,67.76,109.14
130318,172901,37.546475,-122.284715,15.15, 22.80,29.97,48.86,68.09,107.48
130318,172908,37.5464133333,-122.284835,0.03, 22.79,29.97,48.84,68.59,106.24
130318,172915,37.546415,-122.28484,0.02, 22.78,29.98,48.83,68.59,105.90
130318,172922,37.546415,-122.284841667,0.01, 22.76,29.98,48.72,69.04,105.57
130318,172929,37.5464166667,-122.284843333,0.00, 22.75,29.98,48.52,69.61,105.41
130318,172936,37.5464116667,-122.284838333,0.00, 22.73,29.98,48.31,70.18,105.08
130318,172943,37.5464116667,-122.284838333,0.01, 22.70,29.98,47.99,70.71,105.08
130318,172950,37.5463733333,-122.28491,9.73, 22.68,29.98,47.75,71.43,105.24
130318,172957,37.5460433333,-122.285486667,23.61, 22.65,29.98,47.41,71.67,105.90
130318,173004,37.5455,-122.286411667,31.29, 22.62,29.98,47.09,72.60,107.23
130318,173011,37.5449683333,-122.287338333,26.53, 22.60,29.97,46.93,73.17,109.47
130318,173018,37.5445083333,-122.288185,22.24, 22.58,29.96,46.97,73.17,111.21
130318,173025,37.5441683333,-122.288918333,19.52, 22.56,29.96,47.03,73.10,110.30
130318,173032,37.5446383333,-122.289431667,20.27, 22.54,29.97,46.81,73.87,108.64
130318,173039,37.54478,-122.288661667,22.05, 22.52,29.97,46.73,73.74,107.98
130318,173046,37.5440166667,-122.28782,34.36, 22.50,29.97,47.02,73.68,107.81
130318,173053,37.543225,-122.286983333,26.80, 22.49,29.97,47.13,74.07,107.81
130318,173100,37.5426833333,-122.286463333,12.44, 22.49,29.97,47.26,74.33,107.40
130318,173107,37.5424733333,-122.286248333,3.85, 22.48,29.97,47.24,74.39,107.07
130318,173114,37.54234,-122.286101667,11.09, 22.46,29.97,47.13,74.99,106.90
130318,173121,37.5420816667,-122.28585,11.69, 22.45,29.97,46.87,74.99,106.73
130318,173128,37.5416683333,-122.285451667,19.26, 22.43,29.97,46.59,75.79,106.90
130318,173135,37.5410816667,-122.284915,26.22, 22.42,29.97,46.15,76.83,107.23
130318,173142,37.540265,-122.284115,35.01, 22.40,29.97,45.81,77.46,107.65
130318,173149,37.539275,-122.283188333,37.97, 22.38,29.97,45.53,77.89,107.81
130318,173156,37.5382633333,-122.282263333,38.20, 22.37,29.97,45.49,78.25,107.98
130318,173203,37.5372366667,-122.281316667,38.10, 22.35,29.97,45.63,78.25,107.81
130318,173210,37.5362033333,-122.280356667,40.30, 22.34,29.97,45.69,78.62,108.14
130318,173217,37.5351483333,-122.279388333,40.04, 22.32,29.97,45.61,79.21,108.64
130318,173224,37.5340816667,-122.278411667,41.45, 22.31,29.97,45.49,79.51,108.48
130318,173231,37.5329516667,-122.277365,44.42, 22.29,29.97,45.31,79.89,108.81
130318,173238,37.5318166667,-122.276316667,43.14, 22.28,29.97,45.14,80.42,108.97
130318,173245,37.5306883333,-122.275223333,42.50, 22.26,29.97,45.14,80.73,108.81
130318,173252,37.5296433333,-122.274108333,43.55, 22.25,29.97,45.06,81.11,108.97
130318,173259,37.528585,-122.272891667,45.73, 22.23,29.97,44.88,81.51,109.64
130318,173306,37.5274566667,-122.271608333,46.09, 22.22,29.96,44.76,81.98,110.13
130318,173313,37.526345,-122.270333333,46.56, 22.20,29.96,44.75,82.14,110.80
130318,173320,37.52519,-122.26905,47.20, 22.19,29.96,44.74,82.62,110.80
130318,173327,37.52401,-122.267721667,48.66, 22.17,29.96,44.75,82.95,111.05
130318,173334,37.522865,-122.26645,45.74, 22.16,29.96,44.88,82.62,110.63
130318,173341,37.5217783333,-122.265221667,45.18, 22.15,29.96,44.91,83.19,110.47
130318,173348,37.5206616667,-122.263951667,47.31, 22.13,29.96,44.78,82.95,110.47
130318,173355,37.5195116667,-122.26266,47.39, 22.12,29.96,44.67,83.61,110.80
130318,173402,37.518365,-122.261348333,48.44, 22.11,29.96,44.62,84.11,110.63
130318,173409,37.5171866667,-122.260013333,49.49, 22.09,29.96,44.63,84.36,110.63
130318,173416,37.5159933333,-122.25867,47.48, 22.08,29.96,44.69,84.27,110.30
130318,173423,37.514895,-122.257416667,44.91, 22.07,29.96,44.65,84.70,110.13
130318,173430,37.5137583333,-122.256158333,47.03, 22.06,29.96,44.51,84.78,110.47
130318,173437,37.5126433333,-122.254873333,46.80, 22.04,29.96,44.32,85.04,110.13
130318,173444,37.5114666667,-122.253555,47.89, 22.03,29.96,44.12,85.38,110.13
130318,173451,37.5103316667,-122.252265,46.09, 22.01,29.96,44.08,85.90,110.13
130318,173458,37.5092333333,-122.251041667,44.54, 22.00,29.96,44.22,85.73,110.13
130318,173505,37.50819,-122.249863333,41.24, 21.99,29.96,44.38,85.73,110.47
130318,173512,37.507215,-122.248756667,41.51, 21.98,29.96,44.42,85.64,110.47
130318,173519,37.5061683333,-122.24757,44.66, 21.97,29.96,44.26,85.56,110.30
130318,173526,37.505105,-122.246358333,44.96, 21.95,29.96,44.12,86.43,110.96
130318,173533,37.5039883333,-122.24509,47.14, 21.94,29.96,44.04,86.61,110.96
130318,173540,37.502855,-122.243806667,46.35, 21.93,29.96,44.00,86.61,111.05
130318,173547,37.5017033333,-122.242506667,47.96, 21.92,29.96,44.00,86.97,111.21
130318,173554,37.500545,-122.241195,48.29, 21.91,29.96,44.04,87.24,110.96
130318,173601,37.4994566667,-122.239946667,42.43, 21.90,29.96,44.02,86.97,110.96
130318,173608,37.4985266667,-122.238765,40.15, 21.89,29.96,44.07,87.15,111.05
130318,173615,37.4977233333,-122.237476667,41.06, 21.88,29.96,44.10,87.24,111.38
130318,173622,37.49704,-122.235923333,45.57, 21.86,29.96,44.10,87.42,111.71
130318,173629,37.4964666667,-122.234181667,45.75, 21.85,29.96,44.03,87.60,111.71
130318,173636,37.4959883333,-122.232406667,46.57, 21.84,29.96,43.93,87.96,111.71
130318,173643,37.4954966667,-122.23067,45.60, 21.83,29.96,44.00,87.96,111.38
130318,173650,37.4950066667,-122.22896,38.58, 21.82,29.96,44.02,87.60,110.80
130318,173657,37.4945916667,-122.227543333,36.58, 21.81,29.96,44.15,87.51,111.05
130318,173704,37.4941516667,-122.226083333,39.71, 21.81,29.96,44.20,87.69,111.54
130318,173711,37.4935816667,-122.22454,42.90, 21.80,29.96,44.11,87.69,111.38
130318,173718,37.4929616667,-122.223045,40.67, 21.79,29.96,44.07,88.15,111.05
130318,173725,37.4923,-122.221586667,40.26, 21.78,29.96,44.13,87.87,110.96
130318,173732,37.4916216667,-122.220091667,42.87, 21.77,29.96,44.13,88.06,110.63
130318,173739,37.490955,-122.218578333,41.90, 21.76,29.96,44.04,88.33,110.96
130318,173746,37.49025,-122.21719,38.24, 21.75,29.96,43.97,88.52,111.38
130318,173753,37.489645,-122.215925,34.78, 21.74,29.95,44.02,88.52,113.70
130318,173800,37.48903,-122.214876667,29.92, 21.73,29.95,43.95,88.70,114.53
130318,173807,37.488235,-122.214295,25.44, 21.72,29.95,44.02,88.52,113.04
130318,173814,37.4876233333,-122.2142,14.15, 21.72,29.96,44.27,88.15,110.80
130318,173821,37.4874916667,-122.214243333,0.04, 21.71,29.96,44.70,87.69,109.30
130318,173828,37.4874983333,-122.214245,0.03, 21.71,29.97,44.86,87.51,108.48
130318,173835,37.487495,-122.214246667,0.00, 21.70,29.97,44.67,87.87,108.31
130318,173842,37.487495,-122.214246667,0.00, 21.70,29.97,44.37,88.61,107.98
130318,173849,37.487495,-122.214246667,0.00, 21.69,29.97,44.18,88.52,107.65
130318,173856,37.487495,-122.214246667,0.00, 21.68,29.97,44.13,88.80,107.81
130318,173903,37.487495,-122.214246667,0.00, 21.67,29.97,44.12,88.80,107.65
130318,173910,37.487495,-122.214246667,0.01, 21.67,29.97,44.17,88.89,107.65
130318,173917,37.487495,-122.214246667,0.01, 21.66,29.97,44.21,88.80,107.81
130318,173924,37.487495,-122.214246667,0.02, 21.65,29.97,44.24,88.70,107.65
130318,173931,37.487495,-122.214248333,0.00, 21.65,29.97,44.33,88.80,107.65
130318,173938,37.4874933333,-122.214248333,1.64, 21.64,29.97,44.29,89.27,107.81
130318,173945,37.4871766667,-122.214208333,14.64, 21.64,29.97,44.27,89.17,108.14
130318,173952,37.4869433333,-122.213521667,20.99, 21.63,29.97,44.60,88.43,107.98
130318,173959,37.4867833333,-122.212615,23.24, 21.63,29.97,44.51,88.70,107.98
130318,174006,37.486645,-122.211743333,18.47, 21.63,29.97,44.47,89.17,108.14
130318,174013,37.4865733333,-122.211318333,3.42, 21.62,29.97,44.65,88.80,107.98
130318,174020,37.4865083333,-122.210898333,16.87, 21.62,29.97,44.76,88.24,108.14
130318,174027,37.48638,-122.210098333,20.61, 21.62,29.97,44.68,88.43,108.14
130318,174034,37.4862466667,-122.209288333,19.36, 21.61,29.97,44.65,88.15,107.98
130318,174041,37.4860866667,-122.208511667,20.14, 21.61,29.97,44.65,87.78,107.81
130318,174048,37.4859666667,-122.20774,16.73, 21.60,29.97,44.61,88.06,108.14
130318,174055,37.4858933333,-122.207296667,4.66, 21.60,29.97,44.61,88.06,107.81
130318,174102,37.4857033333,-122.207306667,7.98, 21.59,29.97,44.55,87.51,107.65
130318,174109,37.4855666667,-122.207236667,2.88, 21.59,29.97,45.28,86.88,107.48
130318,174116,37.48548,-122.20716,3.98, 21.58,29.97,45.32,86.88,107.81
130318,174123,37.4854283333,-122.207183333,0.23, 21.58,29.97,45.57,86.43,107.65
130318,174130,37.4854516667,-122.207178333,0.05, 21.59,29.97,46.06,85.99,107.81
130318,174137,37.4854633333,-122.207203333,0.06, 21.63,29.97,46.24,85.38,107.98
130318,174222,37.48551,-122.207223333,0.28, 21.73,29.97,46.83,55.69,107.65
130318,174312,37.4855083333,-122.207223333,0.00, 21.84,29.97,48.60,43.00,107.65
130318,174402,37.485495,-122.207253333,0.21, 21.92,29.97,48.51,37.31,107.81
130318,174452,37.48548,-122.2073,0.11, 21.96,29.97,46.34,35.02,107.81
130318,174542,37.485495,-122.207303333,0.10, 21.98,29.97,45.80,33.78,107.98
130318,174632,37.4854883333,-122.207305,0.21, 21.96,29.97,45.03,33.25,107.81
130318,174722,37.4854933333,-122.207308333,0.01, 21.93,29.97,44.97,32.89,107.48
130318,174812,37.485495,-122.207306667,0.01, 21.90,29.97,44.99,32.48,107.81
130318,174902,37.4854933333,-122.207308333,0.03, 21.88,29.97,45.09,32.24,107.65
130318,174952,37.4854916667,-122.207308333,0.02, 21.88,29.97,46.09,31.61,107.65
130318,175042,37.4854916667,-122.207306667,0.02, 21.91,29.97,46.83,30.92,107.65
130318,175132,37.48549,-122.207305,0.04, 21.96,29.97,46.77,30.32,107.81
130318,175222,37.4854783333,-122.20726,1.25, 21.90,29.97,53.14,29.43,108.31
130318,175312,37.48524,-122.206881667,0.32, 21.66,29.97,55.73,29.12,108.64
130318,175402,37.4851583333,-122.206935,0.33, 21.45,29.97,56.94,28.42,108.81
130318,175452,37.4851583333,-122.206908333,0.30, 21.41,29.97,56.91,27.67,108.81
130318,175542,37.48516,-122.206896667,0.19, 21.46,29.97,56.99,27.26,108.97
130318,175632,37.4851766667,-122.206903333,0.09, 21.56,29.97,56.93,26.90,109.14
130318,175722,37.4851966667,-122.206903333,0.31, 21.67,29.97,56.63,26.69,108.64
130318,175812,37.4852433333,-122.20697,0.28, 21.78,29.97,55.96,26.48,108.14
130318,175902,37.48517,-122.206986667,0.09, 21.89,29.97,55.73,26.25,108.14
130318,175952,37.485215,-122.206918333,0.30, 21.99,29.97,55.33,26.31,108.31
130318,180402,37.48517,-122.207016667,1.90, 22.40,29.97,55.03,25.94,107.81
130318,180402,37.48517,-122.207016667,1.90, 22.48,29.97,54.57,25.84,107.48
130318,180902,37.4852,-122.206968333,0.51, 22.79,29.97,53.58,26.13,107.07
130318,180902,37.4852,-122.206968333,0.51, 22.86,29.97,54.70,25.59,107.23
130318,181042,37.48513,-122.207051667,0.68, 22.94,29.97,55.02,25.20,107.23
130318,181132,37.4851766667,-122.206971667,0.23, 23.02,29.97,53.92,25.58,107.40
130318,181222,37.48516,-122.206968333,1.13, 23.08,29.97,53.60,25.72,107.98
130318,181312,37.4850816667,-122.206895,0.12, 23.12,29.97,54.25,25.75,107.98
130318,181402,37.4849716667,-122.20685,0.10, 23.16,29.97,54.12,25.77,108.64
130318,181542,37.4850333333,-122.207205,0.64, 23.25,29.97,53.50,25.39,108.64
130318,181632,37.48513,-122.20723,1.25, 23.29,29.97,53.48,25.86,108.81
130318,181722,37.48521,-122.207225,0.90, 23.35,29.97,52.90,25.64,108.81
130318,181812,37.4851766667,-122.207273333,0.56, 23.43,29.97,53.26,25.59,108.81
130318,181902,37.485145,-122.207301667,2.44, 23.50,29.97,52.65,25.66,108.64
130318,181952,37.4851033333,-122.207155,1.07, 23.57,29.97,53.25,25.73,108.48
130318,182042,37.4849966667,-122.207223333,0.66, 23.64,29.97,52.86,25.47,108.81
130318,182132,37.484945,-122.207251667,0.69, 23.69,29.97,52.53,25.58,108.64
130318,182222,37.484875,-122.207331667,0.44, 23.76,29.97,52.46,25.55,108.97
130318,182312,37.4848083333,-122.207276667,0.70, 23.83,29.97,52.49,25.42,108.64
130318,182402,37.4847866667,-122.207068333,0.34, 23.89,29.97,52.09,25.69,108.64
130318,182452,37.4845366667,-122.207081667,0.56, 23.95,29.97,52.27,25.67,108.64
130318,182542,37.4845533333,-122.207085,0.47, 24.02,29.97,51.27,25.69,108.64
130318,182632,37.48453,-122.207083333,0.26, 24.08,29.97,51.29,25.72,108.48
130318,182722,37.4845983333,-122.20707,0.21, 24.15,29.97,51.04,25.69,108.48
130318,182812,37.48458,-122.207031667,0.18, 24.20,29.97,50.59,25.73,108.31
130318,182902,37.484615,-122.206998333,0.10, 24.24,29.97,50.58,25.86,108.14
130318,182952,37.4845666667,-122.207028333,0.29, 24.29,29.97,50.45,25.89,107.98
130318,183042,37.4845816667,-122.206971667,0.23, 24.34,29.97,50.41,25.94,108.14
130318,183132,37.4847116667,-122.2069,0.28, 24.36,29.97,49.84,26.04,107.98
130318,183222,37.48471,-122.206776667,0.82, 24.36,29.97,49.52,26.26,107.81
130318,183312,37.48472,-122.206686667,0.24, 24.36,29.97,49.84,26.38,108.14
130318,183402,37.48466,-122.20667,0.10, 24.37,29.97,49.91,26.28,108.48
130318,183452,37.4846983333,-122.206638333,0.91, 24.39,29.97,49.78,26.17,108.64
130318,183542,37.4847883333,-122.206603333,0.32, 24.40,29.97,49.76,26.38,108.97
130318,183632,37.48478,-122.206618333,0.39, 24.41,29.97,50.13,26.54,109.30
130318,183722,37.484885,-122.206791667,0.47, 24.41,29.97,50.04,26.53,109.30
130318,183812,37.4850133333,-122.206713333,0.07, 24.40,29.97,49.70,26.66,109.30
130318,183902,37.48505,-122.206776667,0.46, 24.39,29.97,49.82,26.86,108.97
130318,183952,37.485105,-122.206693333,0.78, 24.41,29.97,49.86,26.66,108.64
130318,184042,37.4851966667,-122.206715,0.60, 24.45,29.97,49.66,26.61,108.31
130318,184132,37.48523,-122.206698333,0.18, 24.48,29.97,49.48,26.69,108.14
130318,184222,37.4851566667,-122.206686667,0.20, 24.52,29.97,49.45,26.53,107.98
130318,184312,37.4851033333,-122.20674,0.09, 24.56,29.97,49.40,26.54,107.48
130318,184402,37.4851766667,-122.206703333,0.66, 24.59,29.97,49.44,26.71,107.40
130318,184452,37.485125,-122.206585,1.03, 24.62,29.97,49.52,26.51,107.07
130318,184542,37.48504,-122.206558333,0.15, 24.64,29.97,49.54,26.46,106.90
130318,184632,37.4850683333,-122.206531667,0.26, 24.67,29.97,49.55,26.51,107.07
130318,184722,37.4850583333,-122.206605,0.56, 24.69,29.97,49.55,26.48,107.07
130318,184812,37.4851066667,-122.206668333,0.11, 24.71,29.97,49.62,26.34,107.07
130318,184902,37.4850616667,-122.206593333,0.18, 24.73,29.97,49.57,26.36,106.73
130318,184952,37.4850216667,-122.20663,0.18, 24.75,29.97,49.56,26.33,106.57
130318,185042,37.4850483333,-122.206696667,0.27, 24.77,29.98,49.70,26.30,106.57
130318,185132,37.4850616667,-122.20675,0.71, 24.79,29.98,49.72,26.28,106.57
130318,185222,37.485115,-122.206793333,0.22, 24.81,29.98,49.78,26.34,106.40
130318,185312,37.4849583333,-122.206743333,0.43, 24.83,29.98,49.87,26.28,106.24
130318,185402,37.4851066667,-122.206776667,0.11, 24.85,29.98,49.82,26.21,106.24
130318,185452,37.48518,-122.206771667,0.20, 24.86,29.98,49.81,26.28,106.07
130318,185542,37.48515,-122.206746667,0.58, 24.88,29.98,49.86,26.23,105.57
130318,185632,37.48507,-122.206813333,0.67, 24.90,29.98,49.95,26.13,105.24
130318,185722,37.4849933333,-122.206785,0.23, 24.91,29.98,50.01,26.13,104.91
130318,185812,37.4850883333,-122.206836667,0.30, 24.93,29.98,49.95,26.05,104.91
130318,185902,37.48513,-122.206718333,0.57, 24.94,29.98,50.15,26.12,104.58
130318,185952,37.4850866667,-122.2067,0.43, 24.96,29.98,50.25,26.00,104.58
130318,190402,37.4855116667,-122.207193333,1.41, 24.11,29.98,49.76,29.35,104.74
130318,190402,37.4855116667,-122.207193333,1.41, 23.56,29.98,55.07,28.94,103.92
130318,190506,37.4855933333,-122.207231667,1.27, 23.19,29.99,55.35,39.14,103.00
130318,190602,37.486485,-122.210255,19.54, 23.31,29.99,51.31,58.02,103.17
130318,190609,37.48658,-122.21079,5.45, 23.34,29.99,51.04,60.00,102.09
130318,190705,37.487465,-122.213973333,16.39, 23.48,29.99,47.85,68.98,101.76
130318,190802,37.4869766667,-122.202205,47.38, 23.54,29.98,47.88,71.19,104.08
130318,190809,37.4867383333,-122.200311667,47.82, 23.55,29.98,47.77,72.29,104.08
130318,190905,37.4845766667,-122.185083333,49.15, 23.58,29.98,44.71,78.91,105.24
130318,191001,37.47866,-122.172146667,49.17, 23.60,29.99,44.40,81.11,103.25
130318,191008,37.477715,-122.170595,45.89, 23.60,29.99,44.16,80.88,104.08
130318,191015,37.4768433333,-122.169096667,45.95, 23.60,29.98,43.97,81.19,105.41
130318,191022,37.47595,-122.16755,47.49, 23.60,29.98,43.76,81.98,106.40
130318,191029,37.4750566667,-122.16603,45.82, 23.60,29.98,44.03,81.66,106.24
130318,191036,37.4741783333,-122.164523333,45.79, 23.60,29.98,44.16,81.74,106.57
130318,191043,37.4733116667,-122.163058333,44.54, 23.60,29.97,43.73,82.38,107.23
130318,191050,37.4724666667,-122.161603333,42.94, 23.61,29.97,43.66,82.46,107.48
130318,191057,37.47163,-122.160195,43.28, 23.61,29.97,43.82,82.46,107.65
130318,191104,37.4708066667,-122.158798333,42.00, 23.61,29.97,43.90,82.62,107.65
130318,191111,37.4700266667,-122.157481667,40.10, 23.61,29.97,43.65,83.28,107.65
130318,191118,37.46927,-122.156206667,39.33, 23.61,29.97,43.65,83.03,107.98
130318,191125,37.4685433333,-122.154951667,38.00, 23.62,29.97,43.61,83.36,107.98
130318,191132,37.4678283333,-122.15371,38.15, 23.62,29.97,43.25,83.86,107.81
130318,191139,37.4670783333,-122.152403333,40.17, 23.62,29.97,42.94,83.86,107.98
130318,191146,37.466265,-122.151016667,43.14, 23.62,29.97,42.87,85.12,108.31
130318,191153,37.4654033333,-122.149543333,45.62, 23.62,29.97,42.90,84.19,108.97
130318,191200,37.4644683333,-122.147948333,50.56, 23.62,29.96,43.05,84.36,109.80
130318,191207,37.4635366667,-122.14637,47.67, 23.62,29.96,42.77,84.87,109.80
130318,191214,37.4626216667,-122.1448,47.71, 23.62,29.96,42.48,85.12,109.47
130318,191221,37.4616916667,-122.143236667,47.78, 23.61,29.96,42.28,85.12,109.30
130318,191228,37.4608116667,-122.141728333,45.35, 23.61,29.97,42.28,84.87,109.14
130318,191235,37.4599516667,-122.140245,45.07, 23.61,29.97,42.15,85.38,108.81
130318,191242,37.4591133333,-122.138813333,42.62, 23.61,29.97,42.39,85.30,108.48
130318,191249,37.4582716667,-122.137375,44.64, 23.61,29.97,42.37,85.12,108.31
130318,191256,37.45746,-122.136015,37.02, 23.61,29.97,42.76,84.87,107.40
130318,191303,37.4567783333,-122.134888333,33.42, 23.62,29.97,42.94,85.04,106.90
130318,191310,37.456085,-122.13372,38.23, 23.62,29.98,42.90,84.27,106.40
130318,191317,37.455285,-122.132366667,41.97, 23.62,29.98,43.12,84.27,106.40
130318,191324,37.4544783333,-122.131006667,41.17, 23.63,29.98,42.64,85.38,106.24
130318,191331,37.45363,-122.129601667,43.26, 23.62,29.98,42.00,85.82,106.24
130318,191338,37.452795,-122.128228333,41.46, 23.62,29.98,42.02,85.90,106.40
130318,191345,37.4519566667,-122.126841667,43.42, 23.62,29.98,42.26,85.90,106.24
130318,191352,37.4509816667,-122.12549,46.46, 23.62,29.98,42.31,85.90,106.07
130318,191359,37.4498716667,-122.124265,47.76, 23.62,29.98,42.05,86.70,105.90
130318,191406,37.4486783333,-122.123016667,47.21, 23.62,29.98,41.92,86.43,105.57
130318,191413,37.44751,-122.12178,47.06, 23.63,29.98,42.23,86.34,104.91
130318,191420,37.446395,-122.120605,44.15, 23.63,29.98,42.62,85.30,104.41
130318,191427,37.44533,-122.119491667,40.49, 23.63,29.98,42.72,85.38,104.25
130318,191434,37.44435,-122.118455,41.47, 23.64,29.98,42.71,85.47,104.41
130318,191441,37.443365,-122.117425,34.66, 23.64,29.98,42.73,85.73,103.75
130318,191448,37.4424066667,-122.116426667,40.96, 23.64,29.98,42.71,86.17,103.92
130318,191456,37.4411516667,-122.11512,45.51, 23.65,29.98,42.70,84.78,104.41
130318,191503,37.4399816667,-122.113888333,46.77, 23.65,29.98,42.53,85.56,105.24
130318,191510,37.4388533333,-122.112696667,45.48, 23.65,29.98,42.49,85.38,105.24
130318,191517,37.4376883333,-122.111481667,46.83, 23.65,29.98,42.63,86.08,105.08
130318,191524,37.4365283333,-122.110265,47.47, 23.66,29.98,42.82,84.78,104.91
130318,191531,37.4353566667,-122.109035,45.71, 23.66,29.98,42.79,84.61,104.74
130318,191538,37.4342333333,-122.107855,44.06, 23.67,29.98,42.85,85.12,104.74
130318,191545,37.433105,-122.106686667,44.90, 23.67,29.98,42.73,85.73,105.08
130318,191552,37.4319483333,-122.105476667,47.13, 23.67,29.98,42.27,86.08,105.57
130318,191559,37.4307166667,-122.104186667,50.58, 23.67,29.98,42.08,86.88,105.41
130318,191606,37.42941,-122.102831667,52.58, 23.67,29.98,41.62,87.60,105.41
130318,191613,37.4280733333,-122.101425,54.02, 23.67,29.98,41.51,87.69,105.08
130318,191620,37.4267183333,-122.099991667,54.31, 23.66,29.98,41.35,87.60,105.41
130318,191627,37.42543,-122.098626667,49.64, 23.66,29.98,41.38,87.96,105.24
130318,191634,37.4242966667,-122.09729,44.82, 23.67,29.98,41.72,87.69,104.41
130318,191641,37.4232816667,-122.095915,46.79, 23.67,29.98,41.87,87.33,104.41
130318,191648,37.4222116667,-122.09442,49.83, 23.67,29.98,41.47,88.15,104.74
130318,191655,37.421285,-122.093115,34.21, 23.67,29.98,41.07,88.33,104.08
130318,191702,37.420605,-122.092268333,28.36, 23.67,29.98,41.36,87.69,104.08
130318,191709,37.419915,-122.092083333,21.72, 23.67,29.98,41.01,88.52,104.41
130318,191716,37.4194566667,-122.092703333,15.27, 23.67,29.98,40.76,89.08,104.08
130318,191723,37.4194883333,-122.092935,0.03, 23.67,29.99,40.82,88.61,103.75
130318,191730,37.4194983333,-122.092933333,0.00, 23.67,29.99,41.04,89.17,103.42
130318,191737,37.4195,-122.092933333,0.02, 23.67,29.99,40.66,89.55,103.25
130318,191744,37.419505,-122.092935,0.00, 23.68,29.99,40.75,89.08,102.26
130318,191751,37.4195066667,-122.092935,0.00, 23.68,29.99,41.13,88.24,102.26
130318,191758,37.4195083333,-122.092936667,0.00, 23.69,29.99,41.30,88.70,103.00
130318,191805,37.419355,-122.093325,16.74, 23.69,29.99,41.82,87.15,103.17
130318,191812,37.4185316667,-122.093278333,30.32, 23.69,29.99,42.00,87.60,103.75
130318,191819,37.4175416667,-122.093166667,29.29, 23.69,29.98,41.50,87.33,103.92
130318,191826,37.41665,-122.093091667,28.17, 23.69,29.98,41.64,87.33,104.41
130318,191833,37.4157883333,-122.092978333,22.89, 23.69,29.98,41.95,87.06,104.74
130318,191840,37.4151383333,-122.09289,16.76, 23.69,29.98,41.55,88.15,104.25
130318,191847,37.4148683333,-122.092851667,1.98, 23.70,29.98,41.19,88.43,103.75
130318,191854,37.41487,-122.092846667,0.02, 23.70,29.98,41.33,87.69,103.75
130318,191901,37.41473,-122.092826667,9.59, 23.71,29.98,41.19,87.69,103.92
130318,191908,37.414595,-122.09325,17.16, 23.71,29.98,40.92,88.06,104.74
130318,191915,37.4145833333,-122.093936667,10.15, 23.71,29.98,41.96,86.88,104.58
130318,191922,37.4145033333,-122.093888333,10.31, 23.71,29.98,42.96,85.82,104.25
130318,191929,37.4144716667,-122.093453333,6.03, 23.70,29.98,42.75,85.73,104.08
130318,191936,37.4143933333,-122.093418333,1.91, 23.70,29.98,41.98,87.24,104.08
130318,191943,37.4143216667,-122.093426667,2.39, 23.71,29.98,42.33,85.99,104.25
130318,191950,37.4142933333,-122.093411667,0.15, 23.71,29.98,42.92,85.64,104.25
130318,191957,37.4143083333,-122.093451667,0.01, 23.71,29.98,43.01,85.12,104.25
130318,192004,37.4143083333,-122.093461667,0.02, 23.72,29.98,44.06,84.95,104.41
130318,192051,37.4143133333,-122.093465,0.00, 23.68,29.98,45.54,55.83,104.91
130318,192138,37.4143133333,-122.093465,0.00, 23.64,29.98,45.67,45.56,104.91
130318,192225,37.414315,-122.093465,0.00, 23.63,29.98,45.75,40.18,105.08
130318,192312,37.414315,-122.093465,0.00, 23.64,29.98,45.68,37.47,104.74
130318,192359,37.414315,-122.093465,0.01, 23.65,29.98,45.64,35.76,104.91
130318,192446,37.414315,-122.093465,0.01, 23.66,29.98,45.74,34.56,104.74
130318,192533,37.4143166667,-122.093465,0.02, 23.66,29.98,45.75,33.65,104.74
130318,192620,37.41432,-122.093463333,0.02, 23.67,29.98,45.79,32.99,104.91
130318,192707,37.4143216667,-122.093463333,0.02, 23.66,29.98,45.80,32.66,105.08
130318,192754,37.4143233333,-122.093461667,0.01, 23.66,29.98,45.82,32.16,105.08
130318,192841,37.414325,-122.09346,0.00, 23.66,29.98,45.89,31.82,105.41
130318,192928,37.4143266667,-122.093458333,0.00, 23.65,29.98,45.99,31.54,105.24
130318,193015,37.4143266667,-122.093458333,0.00, 23.64,29.98,45.95,31.56,105.41
130318,193102,37.4143283333,-122.093456667,0.02, 23.63,29.98,46.03,31.26,105.41
130318,193149,37.4143283333,-122.093455,0.00, 23.62,29.98,46.08,31.01,105.74
130318,193236,37.4143283333,-122.093453333,0.02, 23.61,29.98,46.24,30.94,105.57
130318,193322,37.4143283333,-122.093451667,0.00, 23.60,29.98,46.30,30.85,105.90
130318,193409,37.4143283333,-122.093451667,0.02, 23.59,29.98,46.46,30.71,105.90
130318,193456,37.4143283333,-122.093451667,0.01, 23.57,29.98,46.48,30.69,105.90
130318,193543,37.41433,-122.093451667,0.01, 23.56,29.98,46.55,30.40,106.07
130318,193630,37.4143316667,-122.093451667,0.02, 23.55,29.98,46.70,30.51,105.74
130318,193717,37.4143316667,-122.093451667,0.02, 23.53,29.98,46.69,30.56,106.07
130318,193804,37.4143316667,-122.093451667,0.01, 23.52,29.98,46.79,30.53,106.07
130318,193851,37.4143333333,-122.093451667,0.02, 23.51,29.98,46.86,30.42,105.90
130318,193938,37.4143333333,-122.093451667,0.01, 23.50,29.98,46.95,29.99,105.90
130318,194025,37.414335,-122.093453333,0.01, 23.48,29.98,46.99,30.27,105.90
130318,194112,37.414335,-122.093453333,0.01, 23.47,29.98,47.11,30.42,105.90
130318,194159,37.414335,-122.093455,0.02, 23.45,29.98,47.14,30.29,105.90
130318,194246,37.4143366667,-122.093456667,0.01, 23.43,29.98,47.24,30.42,105.90
130318,194333,37.4143383333,-122.093456667,0.02, 23.41,29.98,47.34,30.47,106.07
130318,194420,37.4143383333,-122.093456667,0.01, 23.39,29.98,47.40,30.34,106.40
130318,194507,37.41434,-122.093456667,0.02, 23.37,29.98,47.48,30.01,106.40
130318,194554,37.41434,-122.093458333,0.01, 23.35,29.98,47.58,30.25,106.24
130318,194641,37.4143416667,-122.093458333,0.00, 23.34,29.98,47.67,30.29,106.07
130318,194728,37.4143416667,-122.09346,0.02, 23.32,29.98,47.72,30.38,106.24
130318,194728,37.4143416667,-122.09346,0.02, 23.30,29.98,47.81,30.49,106.07
130318,194947,37.4141983333,-122.092861667,1.59, 23.20,29.98,49.43,30.27,104.91
130318,194947,37.4141983333,-122.092861667,1.59, 23.22,29.98,49.37,30.16,103.92
130318,194947,37.4141983333,-122.092861667,1.59, 23.25,29.99,49.10,30.21,103.00
130318,194947,37.4141983333,-122.092861667,1.59, 23.30,29.99,47.79,30.49,103.42
130318,195303,37.4212166667,-122.090773333,12.72, 23.37,29.99,48.06,36.44,103.17
130318,195303,37.4212166667,-122.090773333,12.72, 23.50,29.99,47.78,31.21,103.25
130318,195303,37.4212166667,-122.090773333,12.72, 23.64,29.98,46.48,37.21,103.92
130318,195303,37.4212166667,-122.090773333,12.72, 23.62,29.98,47.30,33.95,104.25
130318,195303,37.4212166667,-122.090773333,12.72, 23.49,29.98,47.33,39.84,104.41
130318,195303,37.4212166667,-122.090773333,12.72, 23.37,29.98,47.52,45.90,104.74
130318,195303,37.4212166667,-122.090773333,12.72, 23.26,29.98,47.64,49.83,104.91
130318,195303,37.4212166667,-122.090773333,12.72, 23.16,29.98,47.56,54.85,105.08
130318$GPGGA,195535,37.4181466667,-122.087708333,1.89, 23.04,29.98,47.12,58.10,105.08
130318$GPGGA,195535,37.4181466667,-122.087708333,1.89, 22.81,29.98,46.84,44.83,105.08
130318$GPGGA,195535,37.4181466667,-122.087708333,1.89, 22.52,29.98,47.80,38.53,104.74
130318$GPGGA,195535,37.4181466667,-122.087708333,1.89, 22.15,29.98,47.84,35.67,105.24
130318$GPGGA,195535,37.4181466667,-122.087708333,1.89, 21.59,29.98,49.43,34.62,105.08
130318$GPGGA,195535,37.4181466667,-122.087708333,1.89, 21.10,29.98,50.37,33.92,105.57
130318$GPGGA,195535,37.4181466667,-122.087708333,1.89, 20.85,29.98,54.69,32.74,105.74
130318$GPGGA,195535,37.4181466667,-122.087708333,1.89, 20.82,29.98,55.90,31.35,105.74
130318$GPGGA,195535,37.4181466667,-122.087708333,1.89, 20.96,29.98,55.47,30.29,105.57
130318$GPGGA,195535,37.4181466667,-122.087708333,1.89, 21.15,29.98,55.05,29.61,105.74
130318$GPGGA,195535,37.4181466667,-122.087708333,1.89, 21.37,29.98,54.52,29.04,105.74
130318$GPGGA,195535,37.4181466667,-122.087708333,1.89, 21.55,29.98,50.21,29.20,105.90
130318$GPGGA,195535,37.4181466667,-122.087708333,1.89, 21.57,29.98,49.80,30.16,106.07
130318$GPGGA,195535,37.4181466667,-122.087708333,1.89, 21.40,29.98,55.22,30.16,106.24
130318$GPGGA,195535,37.4181466667,-122.087708333,1.89, 21.27,29.98,55.91,35.52,105.90
130318$GPGGA,195535,37.4181466667,-122.087708333,1.89, 21.24,29.98,56.58,41.04,105.74
130318$GPGGA,195535,37.4181466667,-122.087708333,1.89, 21.24,29.98,55.74,46.35,105.74
130318$GPGGA,195535,37.4181466667,-122.087708333,1.89, 21.27,29.98,54.62,50.61,105.57
130318$GPGGA,195535,37.4181466667,-122.087708333,1.89, 21.30,29.98,53.85,54.01,105.41
130318$GPGGA,195535,37.4181466667,-122.087708333,1.89, 21.34,29.98,53.19,57.23,105.41
130318$GPGGA,195535,37.4181466667,-122.087708333,1.89, 21.38,29.98,52.83,60.00,105.57
130318$GPGGA,195535,37.4181466667,-122.087708333,1.89, 21.41,29.98,52.65,62.26,105.90
130318$GPGGA,195535,37.4181466667,-122.087708333,1.89, 21.45,29.98,52.46,64.01,105.41
130318$GPGGA,195535,37.4181466667,-122.087708333,1.89, 21.48,29.98,52.24,65.91,105.24
130318$GPGGA,195535,37.4181466667,-122.087708333,1.89, 21.51,29.98,52.08,67.43,105.90
130318$GPGGA,195535,37.4181466667,-122.087708333,1.89, 21.55,29.98,52.00,68.64,105.74
130318$GPGGA,195535,37.4181466667,-122.087708333,1.89, 21.58,29.98,51.89,69.66,105.24
130318$GPGGA,195535,37.4181466667,-122.087708333,1.89, 21.61,29.98,51.78,70.89,104.74
130318$GPGGA,195535,37.4181466667,-122.087708333,1.89, 21.64,29.98,51.67,71.55,105.08
130318$GPGGA,195535,37.4181466667,-122.087708333,1.89, 21.67,29.98,51.50,72.98,104.91
130318$GPGGA,195535,37.4181466667,-122.087708333,1.89, 21.71,29.98,51.42,73.36,104.41
130318$GPGGA,195535,37.4181466667,-122.087708333,1.89, 21.74,29.98,51.50,73.74,104.08
130318$GPGGA,195535,37.4181466667,-122.087708333,1.89, 21.78,29.98,51.16,74.39,104.41
130318$GPGGA,195535,37.4181466667,-122.087708333,1.89, 21.81,29.98,50.77,75.25,105.90
130318$GPGGA,195535,37.4181466667,-122.087708333,1.89, 21.85,29.98,50.56,75.73,106.07
130318$GPGGA,195535,37.4181466667,-122.087708333,1.89, 21.90,29.98,50.44,76.21,105.57
130318$GPGGA,195535,37.4181466667,-122.087708333,1.89, 21.95,29.98,50.32,76.97,105.57
130318$GPGGA,195535,37.4181466667,-122.087708333,1.89, 21.99,29.98,50.39,77.04,105.41
130318$GPGGA,195535,37.4181466667,-122.087708333,1.89, 22.03,29.98,50.38,77.46,105.24
130318$GPGGA,195535,37.4181466667,-122.087708333,1.89, 22.05,29.98,50.17,77.89,104.91
130318$GPGGA,195535,37.4181466667,-122.087708333,1.89, 22.07,29.98,50.06,78.84,104.91
130318$GPGGA,195535,37.4181466667,-122.087708333,1.89, 22.09,29.98,49.47,79.06,105.24
130318$GPGGA,195535,37.4181466667,-122.087708333,1.89, 22.10,29.98,49.47,79.58,105.90
130318$GPGGA,195535,37.4181466667,-122.087708333,1.89, 22.12,29.98,49.39,79.36,106.07
130318$GPGGA,195535,37.4181466667,-122.087708333,1.89, 22.15,29.98,49.54,79.43,106.57
130318$GPGGA,195535,37.4181466667,-122.087708333,1.89, 22.17,29.98,49.78,79.36,106.73
130318$GPGGA,195535,37.4181466667,-122.087708333,1.89, 22.20,29.98,49.88,79.58,106.40
130318$GPGGA,195535,37.4181466667,-122.087708333,1.89, 22.23,29.98,49.21,80.65,106.57
130318$GPGGA,195535,37.4181466667,-122.087708333,1.89, 22.26,29.97,48.66,81.04,106.73
130318$GPGGA,195535,37.4181466667,-122.087708333,1.89, 22.28,29.97,48.48,81.35,106.57
130318$GPGGA,195535,37.4181466667,-122.087708333,1.89, 22.29,29.98,48.61,81.82,106.57
130318$GPGGA,195535,37.4181466667,-122.087708333,1.89, 22.31,29.98,48.65,81.51,106.40
130318$GPGGA,195535,37.4181466667,-122.087708333,1.89, 22.32,29.98,48.61,82.30,106.07
130318$GPGGA,195535,37.4181466667,-122.087708333,1.89, 22.33,29.98,48.14,82.46,106.24
130318$GPGGA,195535,37.4181466667,-122.087708333,1.89, 22.35,29.98,48.23,82.54,106.07
130318$GPGGA,195535,37.4181466667,-122.087708333,1.89, 22.36,29.98,47.95,82.95,105.90
130318$GPGGA,195535,37.4181466667,-122.087708333,1.89, 22.38,29.98,48.00,82.87,106.07
130318$GPGGA,195535,37.4181466667,-122.087708333,1.89, 22.39,29.98,47.81,83.28,106.24
130318$GPGGA,195535,37.4181466667,-122.087708333,1.89, 22.41,29.98,48.04,82.95,106.40
130318$GPGGA,195535,37.4181466667,-122.087708333,1.89, 22.42,29.98,48.15,82.87,106.57
130318$GPGGA,195535,37.4181466667,-122.087708333,1.89, 22.44,29.98,47.95,82.95,106.40
130318$GPGGA,195535,37.4181466667,-122.087708333,1.89, 22.46,29.98,48.15,83.28,106.40
130318$GPGGA,195535,37.4181466667,-122.087708333,1.89, 22.47,29.98,48.05,82.95,106.57
130318$GPGGA,195535,37.4181466667,-122.087708333,1.89, 22.49,29.98,47.98,83.28,106.73
130318$GPGGA,195535,37.4181466667,-122.087708333,1.89, 22.50,29.98,47.81,83.52,106.40
130318$GPGGA,195535,37.4181466667,-122.087708333,1.89, 22.51,29.98,47.52,83.86,106.40
130318$GPGGA,195535,37.4181466667,-122.087708333,1.89, 22.53,29.98,47.44,83.61,106.24
130318$GPGGA,195535,37.4181466667,-122.087708333,1.89, 22.54,29.98,47.75,83.52,106.40
130318$GPGGA,195535,37.4181466667,-122.087708333,1.89, 22.56,29.98,47.79,83.44,106.40
130318$GPGGA,195535,37.4181466667,-122.087708333,1.89, 22.57,29.98,47.80,83.36,106.40
130318$GPGGA,195535,37.4181466667,-122.087708333,1.89, 22.60,29.98,47.95,83.11,106.57
130318$GPGGA,195535,37.4181466667,-122.087708333,1.89, 22.65,29.98,50.01,54.01,106.40
130318$GPGGA,195535,37.4181466667,-122.087708333,1.89, 22.60,29.97,48.68,45.51,107.07
130318$GPGGA,195535,37.4181466667,-122.087708333,1.89, 22.44,29.97,48.55,41.65,107.40
130318$GPGGA,195535,37.4181466667,-122.087708333,1.89, 22.20,29.97,49.47,39.69,107.48
130318$GPGGA,195535,37.4181466667,-122.087708333,1.89, 21.97,29.97,50.65,38.43,107.65
130318$GPGGA,195535,37.4181466667,-122.087708333,1.89, 21.82,29.97,50.61,37.17,107.98
130318$GPGGA,195535,37.4181466667,-122.087708333,1.89, 21.62,29.97,51.12,36.44,107.98
130318$GPGGA,195535,37.4181466667,-122.087708333,1.89, 21.29,29.97,52.60,36.47,108.14
130318$GPGGA,195535,37.4181466667,-122.087708333,1.89, 20.85,29.97,52.92,36.85,107.65
130318$GPGGA,195535,37.4181466667,-122.087708333,1.89, 20.48,29.97,53.65,36.72,107.65
130318,202530,37.417355,-122.080121667,1.10, 20.28,29.97,56.67,35.76,107.65
130318,202530,37.417355,-122.080121667,1.10, 20.26,29.97,57.41,34.64,107.23
130318,202530,37.417355,-122.080121667,1.10, 20.35,29.97,58.16,33.60,107.40
130318,202530,37.417355,-122.080121667,1.10, 20.49,29.97,58.13,33.07,107.40
130318,202530,37.417355,-122.080121667,1.10, 20.66,29.97,58.10,32.31,107.40
130318,202530,37.417355,-122.080121667,1.10, 20.83,29.97,57.95,31.85,107.48
130318,202530,37.417355,-122.080121667,1.10, 21.00,29.97,57.51,31.14,107.65
130318,202530,37.417355,-122.080121667,1.10, 21.17,29.97,57.10,30.89,107.48
130318,202530,37.417355,-122.080121667,1.10, 21.33,29.97,56.78,30.51,107.65
130318,202530,37.417355,-122.080121667,1.10, 21.48,29.97,56.56,30.34,107.98
130318,202530,37.417355,-122.080121667,1.10, 21.43,29.97,51.77,31.87,107.81
130318,202530,37.417355,-122.080121667,1.10, 21.21,29.97,54.05,32.66,107.98
130318,202530,37.417355,-122.080121667,1.10, 21.10,29.97,54.53,32.76,107.98
130318,202530,37.417355,-122.080121667,1.10, 21.12,29.97,54.99,32.29,108.31
130318,203710,37.4173316667,-122.081573333,0.89, 21.20,29.97,54.43,32.33,107.98
130318,203710,37.4173316667,-122.081573333,0.89, 21.30,29.97,54.26,32.14,107.81
130318,203710,37.4173316667,-122.081573333,0.89, 21.42,29.97,54.21,32.04,107.81
130318,203710,37.4173316667,-122.081573333,0.89, 21.53,29.97,53.85,31.80,107.98
130318,203710,37.4173316667,-122.081573333,0.89, 21.64,29.97,53.11,31.75,107.40
130318,204120,37.41703,-122.081553333,1.27, 21.75,29.97,53.02,31.82,107.23
130318,204120,37.41703,-122.081553333,1.27, 21.85,29.97,52.86,31.56,107.23
130318,204440,37.41748,-122.081936667,3.49, 22.10,29.97,52.52,31.19,106.57
130318,204440,37.41748,-122.081936667,3.49, 22.17,29.97,52.41,31.10,106.40
130318,204620,37.4171733333,-122.081388333,2.03, 22.23,29.98,52.41,31.03,106.40
130318,204620,37.4171733333,-122.081388333,2.03, 22.28,29.98,52.34,30.96,106.57
130318,204940,37.4169783333,-122.081591667,0.53, 22.40,29.97,52.19,30.69,107.40
130318,204940,37.4169783333,-122.081591667,0.53, 22.43,29.97,52.23,30.85,107.65
130318,205120,37.4171416667,-122.081525,0.75, 22.46,29.97,52.23,30.76,108.14
130318,205120,37.4171416667,-122.081525,0.75, 22.49,29.97,52.21,30.80,107.98
130318,205300,37.4171816667,-122.081608333,0.22, 22.53,29.97,52.17,30.71,108.31
130318,205300,37.4171816667,-122.081608333,0.22, 22.56,29.97,52.10,30.69,108.81
130318,205440,37.4173033333,-122.081145,0.97, 22.59,29.97,52.06,30.76,108.81
130318,205440,37.4173033333,-122.081145,0.97, 22.63,29.97,52.01,30.69,108.48
130318,205620,37.4171716667,-122.081596667,0.57, 22.66,29.97,51.93,30.85,108.14
130318,205620,37.4171716667,-122.081596667,0.57, 22.70,29.97,51.87,30.69,107.98
130318,205800,37.4168283333,-122.081306667,1.78, 22.73,29.97,51.71,30.69,108.31
130318,205800,37.4168283333,-122.081306667,1.78, 22.76,29.97,51.69,30.51,107.81
130318,205940,37.4171666667,-122.08167,1.52, 22.79,29.97,51.67,30.60,107.48
130318,205940,37.4171666667,-122.08167,1.52, 22.82,29.97,51.67,30.62,107.48
130318,210300,37.416855,-122.081513333,0.50, 22.87,29.97,51.68,30.51,108.31
130318,210300,37.416855,-122.081513333,0.50, 22.89,29.97,51.62,30.60,108.48
130318,210800,37.4172216667,-122.081445,1.01, 22.99,29.97,51.38,30.83,108.64
130318,210800,37.4172216667,-122.081445,1.01, 23.02,29.97,51.34,30.71,108.81
130318,211120,37.4169166667,-122.081376667,0.57, 23.07,29.97,51.11,31.01,109.30
130318,211120,37.4169166667,-122.081376667,0.57, 23.09,29.97,50.96,30.80,109.47
130318,211300,37.4174133333,-122.080803333,3.67, 23.10,29.97,50.94,30.83,108.97
130318,211300,37.4174133333,-122.080803333,3.67, 23.11,29.97,50.87,31.10,108.81
130318,211440,37.4170566667,-122.081466667,0.53, 23.12,29.97,50.82,30.94,108.48
130318,211440,37.4170566667,-122.081466667,0.53, 23.12,29.97,50.74,31.44,108.48
130318,211620,37.41816,-122.079293333,5.59, 23.13,29.97,50.67,30.92,108.31
130318,211620,37.41816,-122.079293333,5.59, 23.14,29.97,50.63,31.40,108.81
130318,211800,37.4166316667,-122.08188,1.53, 23.16,29.97,50.55,31.05,108.97
130318,211800,37.4166316667,-122.08188,1.53, 23.17,29.97,50.48,31.44,109.14
130318,211940,37.4171316667,-122.081545,0.90, 23.18,29.97,50.42,31.21,109.47
130318,211940,37.4171316667,-122.081545,0.90, 23.19,29.96,50.39,31.70,109.64
130318,212120,37.4173516667,-122.081445,1.21, 23.20,29.96,50.33,31.58,109.80
130318,212120,37.4173516667,-122.081445,1.21, 23.21,29.96,50.33,31.24,109.80
130318,212300,37.4169283333,-122.081458333,0.37, 23.22,29.96,50.28,31.63,109.97
130318,212300,37.4169283333,-122.081458333,0.37, 23.23,29.96,50.28,31.35,109.64
130318,212440,37.4171316667,-122.081471667,0.20, 23.24,29.96,50.22,31.30,109.64
130318,212440,37.4171316667,-122.081471667,0.20, 23.25,29.96,50.17,31.80,109.80
130318,212620,37.4168783333,-122.082768333,3.40, 23.25,29.96,50.07,31.73,109.47
130318,212620,37.4168783333,-122.082768333,3.40, 23.26,29.96,50.01,31.54,109.64
130318,212800,37.4170033333,-122.081336667,1.75, 23.27,29.96,49.97,31.66,109.64
130318,212800,37.4170033333,-122.081336667,1.75, 23.27,29.96,49.94,31.90,109.47
130318,212940,37.4167283333,-122.082231667,0.69, 23.27,29.96,49.85,31.99,109.64
130318,212940,37.4167283333,-122.082231667,0.69, 23.28,29.96,49.80,31.82,109.80
130318,213120,37.4172016667,-122.081706667,0.28, 23.28,29.96,49.69,32.16,109.80
130318,213120,37.4172016667,-122.081706667,0.28, 23.28,29.96,49.67,32.19,109.64
130318,213300,37.4189366667,-122.079701667,4.13, 23.28,29.96,49.65,32.41,109.47
130318,213300,37.4189366667,-122.079701667,4.13, 23.25,29.96,48.61,32.58,110.13
130318,213440,37.4186683333,-122.080843333,0.62, 23.19,29.96,48.20,33.36,110.47
130318,213440,37.4186683333,-122.080843333,0.62, 22.95,29.96,45.15,34.42,110.30
130318,213620,37.416765,-122.08188,0.65, 22.61,29.96,46.28,35.55,110.96
130318,213620,37.416765,-122.08188,0.65, 22.40,29.96,47.29,35.79,110.96
130318,213710,37.41677,-122.08187,0.06, 22.28,29.96,47.52,35.97,111.38
130318,213710,37.41677,-122.08187,0.06, 22.21,29.96,47.43,35.88,111.71
130318,213710,37.41677,-122.08187,0.06, 22.15,29.96,48.99,36.44,111.38
130318,213710,37.41677,-122.08187,0.06, 21.99,29.96,45.45,37.21,111.71
130318,213710,37.41677,-122.08187,0.06, 21.78,29.96,46.39,37.84,111.38
130318,213710,37.41677,-122.08187,0.06, 21.69,29.96,52.94,35.82,110.96
130318,213710,37.41677,-122.08187,0.06, 21.71,29.96,52.67,42.15,110.80
130318,213710,37.41677,-122.08187,0.06, 21.74,29.96,52.24,47.45,110.63
130318,213710,37.41677,-122.08187,0.06, 21.77,29.96,51.93,51.95,110.47
130318,213710,37.41677,-122.08187,0.06, 21.81,29.96,51.96,55.21,110.63
130318,214238,37.4169333333,-122.081998333,9.66, 21.86,29.96,52.09,58.30,110.63
130318,214238,37.4169333333,-122.081998333,9.66, 21.92,29.96,51.88,60.52,110.47
130318,214238,37.4169333333,-122.081998333,9.66, 21.98,29.96,51.55,62.68,110.80
13031$GPGGA,214259,37.4166816667,-122.08204,13.50, 22.04,29.96,51.19,64.64,110.63
13031$GPGGA,214259,37.4166816667,-122.08204,13.50, 22.10,29.96,50.54,66.27,110.63
13031$GPGGA,214259,37.4166816667,-122.08204,13.50, 22.16,29.96,50.21,67.71,111.05
13031$GPGGA,214259,37.4166816667,-122.08204,13.50, 22.21,29.96,49.99,68.98,110.47
13031$GPGGA,214259,37.4166816667,-122.08204,13.50, 22.24,29.96,49.74,70.12,110.96
13031$GPGGA,214259,37.4166816667,-122.08204,13.50, 22.28,29.96,49.52,70.83,110.80
13031$GPGGA,214259,37.4166816667,-122.08204,13.50, 22.31,29.96,49.64,71.31,110.63
13031$GPGGA,214259,37.4166816667,-122.08204,13.50, 22.34,29.96,49.89,71.98,109.64
13031$GPGGA,214259,37.4166816667,-122.08204,13.50, 22.36,29.96,50.04,72.10,108.97
13031$GPGGA,214259,37.4166816667,-122.08204,13.50, 22.38,29.97,50.16,72.85,108.81
13031$GPGGA,214259,37.4166816667,-122.08204,13.50, 22.41,29.97,50.63,73.04,108.81
13031$GPGGA,214259,37.4166816667,-122.08204,13.50, 22.46,29.97,50.60,73.49,109.14
13031$GPGGA,214259,37.4166816667,-122.08204,13.50, 22.52,29.96,50.30,73.87,110.30
13031$GPGGA,214259,37.4166816667,-122.08204,13.50, 22.57,29.96,49.91,74.52,110.13
13031$GPGGA,214259,37.4166816667,-122.08204,13.50, 22.62,29.97,48.35,76.34,109.14
13031$GPGGA,214259,37.4166816667,-122.08204,13.50, 22.65,29.97,47.49,77.54,108.31
13031$GPGGA,214259,37.4166816667,-122.08204,13.50, 22.68,29.97,46.75,79.43,108.14
13031$GPGGA,214259,37.4166816667,-122.08204,13.50, 22.71,29.97,46.47,78.40,107.98
13031$GPGGA,214259,37.4166816667,-122.08204,13.50, 22.75,29.97,46.53,78.69,107.98
13031$GPGGA,214259,37.4166816667,-122.08204,13.50, 22.78,29.97,45.75,79.58,107.81
13031$GPGGA,214259,37.4166816667,-122.08204,13.50, 22.82,29.97,45.75,80.42,107.81
13031$GPGGA,214259,37.4166816667,-122.08204,13.50, 22.85,29.97,45.75,79.66,107.81
13031$GPGGA,214259,37.4166816667,-122.08204,13.50, 22.89,29.97,46.13,79.51,107.81
13031$GPGGA,214259,37.4166816667,-122.08204,13.50, 22.92,29.97,46.42,78.04,107.98
13031$GPGGA,214259,37.4166816667,-122.08204,13.50, 22.94,29.97,46.09,78.99,108.14
13031$GPGGA,214259,37.4166816667,-122.08204,13.50, 22.96,29.97,45.51,78.18,108.48
13031$GPGGA,214259,37.4166816667,-122.08204,13.50, 22.99,29.97,45.44,76.90,108.48
13031$GPGGA,214259,37.4166816667,-122.08204,13.50, 23.01,29.97,45.72,76.83,108.64
13031$GPGGA,214259,37.4166816667,-122.08204,13.50, 23.02,29.97,45.80,77.54,108.97
13031$GPGGA,214259,37.4166816667,-122.08204,13.50, 23.03,29.96,45.23,77.97,109.64
13031$GPGGA,214259,37.4166816667,-122.08204,13.50, 23.04,29.96,44.76,79.51,109.64
13031$GPGGA,214259,37.4166816667,-122.08204,13.50, 23.05,29.96,44.76,79.89,109.80
13031$GPGGA,214259,37.4166816667,-122.08204,13.50, 23.05,29.96,44.26,79.73,109.97
13031$GPGGA,214259,37.4166816667,-122.08204,13.50, 23.06,29.96,44.19,81.04,109.80
13031$GPGGA,214259,37.4166816667,-122.08204,13.50, 23.07,29.96,44.32,80.73,109.97
13031$GPGGA,214259,37.4166816667,-122.08204,13.50, 23.08,29.96,44.00,80.50,109.97
13031$GPGGA,214259,37.4166816667,-122.08204,13.50, 23.10,29.96,43.90,81.58,109.80
13031$GPGGA,214259,37.4166816667,-122.08204,13.50, 23.11,29.96,43.74,82.14,109.97
13031$GPGGA,214259,37.4166816667,-122.08204,13.50, 23.12,29.96,43.76,80.80,109.97
13031$GPGGA,214259,37.4166816667,-122.08204,13.50, 23.13,29.96,44.09,81.27,110.13
13031$GPGGA,214259,37.4166816667,-122.08204,13.50, 23.05,29.96,44.48,56.70,110.80
13031$GPGGA,214259,37.4166816667,-122.08204,13.50, 22.80,29.96,44.83,50.13,111.21
13031$GPGGA,214259,37.4166816667,-122.08204,13.50, 22.50,29.96,45.51,47.08,111.54
13031$GPGGA,214259,37.4166816667,-122.08204,13.50, 22.27,29.96,45.94,45.17,112.04
13031$GPGGA,214259,37.4166816667,-122.08204,13.50, 22.12,29.96,46.32,43.81,111.88
13031$GPGGA,214259,37.4166816667,-122.08204,13.50, 21.97,29.96,46.81,42.66,111.88
13031$GPGGA,214259,37.4166816667,-122.08204,13.50, 21.84,29.96,49.50,41.44,111.71
13031$GPGGA,214259,37.4166816667,-122.08204,13.50, 21.80,29.96,50.12,40.07,111.71
13031$GPGGA,214259,37.4166816667,-122.08204,13.50, 21.83,29.96,49.64,39.39,111.88
13031$GPGGA,214259,37.4166816667,-122.08204,13.50, 21.90,29.96,49.34,38.67,111.71
13031$GPGGA,214259,37.4166816667,-122.08204,13.50, 21.99,29.96,48.43,38.39,111.71
13031$GPGGA,214259,37.4166816667,-122.08204,13.50, 22.09,29.96,47.91,38.11,111.38
13031$GPGGA,214259,37.4166816667,-122.08204,13.50, 22.18,29.96,48.07,37.81,111.71
13031$GPGGA,214259,37.4166816667,-122.08204,13.50, 22.28,29.96,48.30,37.37,112.21
13031$GPGGA,214259,37.4166816667,-122.08204,13.50, 22.37,29.96,47.96,36.91,112.37
13031$GPGGA,214259,37.4166816667,-122.08204,13.50, 22.46,29.95,47.93,36.47,112.54
13031$GPGGA,214259,37.4166816667,-122.08204,13.50, 22.55,29.95,48.03,36.34,112.87
13031$GPGGA,214259,37.4166816667,-122.08204,13.50, 22.65,29.95,48.03,36.19,113.20
13031$GPGGA,214259,37.4166816667,-122.08204,13.50, 22.74,29.95,47.25,36.37,113.70
13031$GPGGA,214259,37.4166816667,-122.08204,13.50, 22.85,29.95,47.72,36.53,113.70
13031$GPGGA,214259,37.4166816667,-122.08204,13.50, 22.96,29.95,47.78,35.58,113.53
13031$GPGGA,214259,37.4166816667,-122.08204,13.50, 23.08,29.95,47.22,35.82,113.53
13031$GPGGA,214259,37.4166816667,-122.08204,13.50, 23.20,29.95,47.09,35.61,113.37
13031$GPGGA,214259,37.4166816667,-122.08204,13.50, 23.33,29.95,46.29,35.55,113.53
13031$GPGGA,214259,37.4166816667,-122.08204,13.50, 23.44,29.95,45.57,35.64,113.37
13031$GPGGA,214259,37.4166816667,-122.08204,13.50, 23.48,29.95,43.39,36.28,113.20
13031$GPGGA,214259,37.4166816667,-122.08204,13.50, 23.45,29.95,43.24,36.95,113.04
13031$GPGGA,214259,37.4166816667,-122.08204,13.50, 23.39,29.95,43.83,36.72,113.20
13031$GPGGA,214259,37.4166816667,-122.08204,13.50, 23.29,29.95,43.83,37.31,112.87
13031$GPGGA,214259,37.4166816667,-122.08204,13.50, 23.15,29.95,43.93,37.37,113.37
13031$GPGGA,214259,37.4166816667,-122.08204,13.50, 23.00,29.95,44.74,37.74,113.70
13031$GPGGA,214259,37.4166816667,-122.08204,13.50, 22.85,29.95,45.29,37.98,114.20
130318$GPGGA,221422,37.418615,-122.087905,2.52, 22.59,29.95,45.58,38.64,114.36
130318$GPGGA,221422,37.418615,-122.087905,2.52, 22.24,29.95,47.18,39.03,114.36
130318$GPGGA,221422,37.418615,-122.087905,2.52, 22.00,29.95,50.89,37.04,114.03
130318$GPGGA,221422,37.418615,-122.087905,2.52, 21.93,29.95,50.90,43.54,113.70
130318$GPGGA,221422,37.418615,-122.087905,2.52, 21.91,29.95,50.54,49.37,113.53
130318$GPGGA,221422,37.418615,-122.087905,2.52, 21.92,29.95,50.19,54.11,113.37
130318$GPGGA,221422,37.418615,-122.087905,2.52, 21.93,29.95,49.69,58.18,113.53
130318$GPGGA,221422,37.418615,-122.087905,2.52, 21.95,29.95,49.32,61.80,114.03
130318$GPGGA,221422,37.418615,-122.087905,2.52, 21.98,29.95,49.19,64.50,114.53
130318$GPGGA,221422,37.418615,-122.087905,2.52, 22.00,29.95,49.15,66.90,114.36
130318$GPGGA,221422,37.418615,-122.087905,2.52, 22.03,29.95,49.07,68.75,115.03
130318$GPGGA,221422,37.418615,-122.087905,2.52, 22.06,29.95,48.96,70.54,114.86
130318$GPGGA,221422,37.418615,-122.087905,2.52, 22.08,29.95,48.91,71.98,114.36
130318$GPGGA,221422,37.418615,-122.087905,2.52, 22.11,29.95,48.90,73.04,114.70
130318$GPGGA,221422,37.418615,-122.087905,2.52, 22.13,29.95,48.93,74.07,114.86
130318$GPGGA,221422,37.418615,-122.087905,2.52, 22.15,29.95,48.94,75.12,115.03
130318$GPGGA,221422,37.418615,-122.087905,2.52, 22.18,29.95,49.03,76.21,114.20
130318$GPGGA,221422,37.418615,-122.087905,2.52, 22.20,29.95,49.09,77.04,114.36
130318$GPGGA,221422,37.418615,-122.087905,2.52, 22.22,29.95,49.27,77.82,114.86
130318$GPGGA,221422,37.418615,-122.087905,2.52, 22.24,29.94,49.40,77.89,115.03
130318$GPGGA,221422,37.418615,-122.087905,2.52, 22.27,29.95,49.59,78.69,114.70
130318$GPGGA,221422,37.418615,-122.087905,2.52, 22.29,29.94,49.63,79.51,115.28
130318$GPGGA,221422,37.418615,-122.087905,2.52, 22.31,29.94,49.57,80.04,115.28
130318$GPGGA,221422,37.418615,-122.087905,2.52, 22.33,29.95,49.62,80.80,114.20
130318$GPGGA,221422,37.418615,-122.087905,2.52, 22.35,29.95,49.62,80.96,113.20
130318$GPGGA,221422,37.418615,-122.087905,2.52, 22.37,29.95,49.52,81.43,112.70
130318$GPGGA,221422,37.418615,-122.087905,2.52, 22.39,29.95,49.43,82.22,112.54
130318$GPGGA,221422,37.418615,-122.087905,2.52, 22.40,29.95,49.32,82.22,112.37
130318$GPGGA,221422,37.418615,-122.087905,2.52, 22.42,29.95,49.21,82.54,112.37
130318$GPGGA,221422,37.418615,-122.087905,2.52, 22.44,29.95,49.15,82.79,112.37
130318$GPGGA,221422,37.418615,-122.087905,2.52, 22.45,29.95,49.12,83.11,112.37
130318$GPGGA,221422,37.418615,-122.087905,2.52, 22.47,29.96,49.05,83.86,112.54
130318$GPGGA,221422,37.418615,-122.087905,2.52, 22.49,29.96,48.95,83.52,112.37
130318$GPGGA,221422,37.418615,-122.087905,2.52, 22.50,29.96,48.83,83.94,112.21
130318$GPGGA,221422,37.418615,-122.087905,2.52, 22.52,29.95,48.76,84.27,112.54
130318$GPGGA,221422,37.418615,-122.087905,2.52, 22.53,29.95,48.77,84.44,114.03
130318$GPGGA,221422,37.418615,-122.087905,2.52, 22.55,29.95,48.80,84.78,114.70
130318$GPGGA,221422,37.418615,-122.087905,2.52, 22.56,29.94,48.74,85.04,115.94
130318$GPGGA,221422,37.418615,-122.087905,2.52, 22.58,29.94,48.88,85.47,115.94
130318$GPGGA,221422,37.418615,-122.087905,2.52, 22.59,29.94,48.96,84.95,116.77
130318$GPGGA,221422,37.418615,-122.087905,2.52, 22.61,29.93,49.13,85.21,117.77
130318$GPGGA,221422,37.418615,-122.087905,2.52, 22.62,29.94,49.13,84.87,118.60
130318$GPGGA,221422,37.418615,-122.087905,2.52, 22.64,29.93,49.03,85.21,118.26
130318$GPGGA,221422,37.418615,-122.087905,2.52, 22.65,29.94,48.92,85.21,116.44
130318$GPGGA,221422,37.418615,-122.087905,2.52, 22.67,29.94,48.83,85.38,116.60
130318$GPGGA,221422,37.418615,-122.087905,2.52, 22.68,29.94,48.76,85.99,117.10
130318$GPGGA,221422,37.418615,-122.087905,2.52, 22.70,29.94,48.70,86.34,117.60
130318$GPGGA,221422,37.418615,-122.087905,2.52, 22.71,29.94,48.61,86.08,117.60
130318$GPGGA,221422,37.418615,-122.087905,2.52, 22.73,29.93,48.53,86.88,118.43
130318$GPGGA,221422,37.418615,-122.087905,2.52, 22.74,29.93,48.45,86.88,117.93
130318$GPGGA,221422,37.418615,-122.087905,2.52, 22.76,29.94,48.35,87.15,116.44
130318$GPGGA,221422,37.418615,-122.087905,2.52, 22.77,29.94,48.27,87.24,115.61
130318$GPGGA,221422,37.418615,-122.087905,2.52, 22.78,29.94,48.19,87.42,117.10
130318$GPGGA,221422,37.418615,-122.087905,2.52, 22.80,29.93,48.14,87.60,119.09
130318$GPGGA,221422,37.418615,-122.087905,2.52, 22.81,29.93,48.02,87.69,121.34
130318$GPGGA,221422,37.418615,-122.087905,2.52, 22.83,29.92,47.85,88.06,121.83
13031$GPGGA,222303,37.4391516667,-122.112641667,51.44, 22.84,29.92,47.65,89.46,121.50
13031$GPGGA,222303,37.4391516667,-122.112641667,51.44, 22.85,29.92,47.43,90.12,121.67
13031$GPGGA,222303,37.4391516667,-122.112641667,51.44, 22.86,29.92,47.28,90.03,121.34
13031$GPGGA,222303,37.4391516667,-122.112641667,51.44, 22.88,29.92,47.17,89.74,120.67
13031$GPGGA,222330,37.4440866667,-122.117781667,49.10, 22.89,29.93,47.02,90.32,119.84
13031$GPGGA,222330,37.4440866667,-122.117781667,49.10, 22.90,29.93,46.95,91.10,118.76
13031$GPGGA,222330,37.4440866667,-122.117781667,49.10, 22.91,29.93,46.90,91.10,118.10
13031$GPGGA,222330,37.4440866667,-122.117781667,49.10, 22.92,29.93,46.90,90.51,118.60
13031$GPGGA,222330,37.4440866667,-122.117781667,49.10, 22.94,29.93,46.92,91.20,120.17
13031$GPGGA,222330,37.4440866667,-122.117781667,49.10, 22.95,29.93,46.91,92.09,120.34
13031$GPGGA,222330,37.4440866667,-122.117781667,49.10, 22.96,29.93,46.83,91.39,119.09
13031$GPGGA,222330,37.4440866667,-122.117781667,49.10, 22.97,29.93,46.81,92.19,116.77
13031$GPGGA,222330,37.4440866667,-122.117781667,49.10, 22.98,29.94,46.83,92.19,115.44
13031$GPGGA,222330,37.4440866667,-122.117781667,49.10, 23.00,29.94,46.92,91.00,115.44
13031$GPGGA,222330,37.4440866667,-122.117781667,49.10, 23.01,29.94,46.99,91.69,115.94
13031$GPGGA,222330,37.4440866667,-122.117781667,49.10, 23.02,29.94,47.02,91.00,116.44
13031$GPGGA,222330,37.4440866667,-122.117781667,49.10, 23.03,29.94,47.04,90.51,117.77
13031$GPGGA,222330,37.4440866667,-122.117781667,49.10, 23.04,29.93,46.97,91.89,118.43
13031$GPGGA,222330,37.4440866667,-122.117781667,49.10, 23.05,29.93,46.80,90.51,118.60
13031$GPGGA,222330,37.4440866667,-122.117781667,49.10, 23.06,29.93,46.73,91.79,119.51
13031$GPGGA,222330,37.4440866667,-122.117781667,49.10, 23.08,29.93,46.69,91.99,121.00
13031$GPGGA,222330,37.4440866667,-122.117781667,49.10, 23.09,29.92,46.63,90.90,121.50
13031$GPGGA,222330,37.4440866667,-122.117781667,49.10, 23.10,29.92,46.55,91.00,123.00
13031$GPGGA,222330,37.4440866667,-122.117781667,49.10, 23.11,29.91,46.43,92.39,125.49
13031$GPGGA,222330,37.4440866667,-122.117781667,49.10, 23.11,29.90,46.23,93.01,128.06
13031$GPGGA,222330,37.4440866667,-122.117781667,49.10, 23.12,29.90,46.06,91.89,127.23
13031$GPGGA,222330,37.4440866667,-122.117781667,49.10, 23.13,29.90,45.88,93.01,127.73
13031$GPGGA,222330,37.4440866667,-122.117781667,49.10, 23.14,29.90,45.74,93.01,128.73
13031$GPGGA,222330,37.4440866667,-122.117781667,49.10, 23.15,29.90,45.69,92.80,129.06
13031$GPGGA,222330,37.4440866667,-122.117781667,49.10, 23.16,29.89,45.68,92.90,129.72
13031$GPGGA,222330,37.4440866667,-122.117781667,49.10, 23.16,29.89,45.56,91.99,129.89
13031$GPGGA,222330,37.4440866667,-122.117781667,49.10, 23.17,29.89,45.39,93.73,129.23
13031$GPGGA,222330,37.4440866667,-122.117781667,49.10, 23.18,29.89,45.24,93.42,128.89
13031$GPGGA,222330,37.4440866667,-122.117781667,49.10, 23.19,29.90,45.17,94.68,128.89
13031$GPGGA,222330,37.4440866667,-122.117781667,49.10, 23.19,29.90,45.12,94.46,128.06
13031$GPGGA,222330,37.4440866667,-122.117781667,49.10, 23.20,29.90,44.91,94.15,127.40
13031$GPGGA,222330,37.4440866667,-122.117781667,49.10, 23.21,29.90,44.82,93.62,128.40
13031$GPGGA,222330,37.4440866667,-122.117781667,49.10, 23.21,29.89,44.72,93.73,130.06
13031$GPGGA,222330,37.4440866667,-122.117781667,49.10, 23.22,29.89,44.63,94.25,131.64
13031$GPGGA,222330,37.4440866667,-122.117781667,49.10, 23.23,29.89,44.65,94.89,131.64
13031$GPGGA,222330,37.4440866667,-122.117781667,49.10, 23.23,29.88,44.62,93.32,132.80
13031$GPGGA,222330,37.4440866667,-122.117781667,49.10, 23.24,29.89,44.61,94.89,127.56
13031$GPGGA,222330,37.4440866667,-122.117781667,49.10, 23.25,29.91,44.70,94.68,123.16
13031$GPGGA,222330,37.4440866667,-122.117781667,49.10, 23.26,29.92,44.86,93.21,119.84
13031$GPGGA,222330,37.4440866667,-122.117781667,49.10, 23.27,29.93,45.05,93.32,116.77
13031$GPGGA,222330,37.4440866667,-122.117781667,49.10, 23.28,29.94,45.21,93.21,117.27
13031$GPGGA,222330,37.4440866667,-122.117781667,49.10, 23.29,29.94,45.33,92.29,117.27
13031$GPGGA,222330,37.4440866667,-122.117781667,49.10, 23.30,29.94,45.41,92.19,117.77
13031$GPGGA,222330,37.4440866667,-122.117781667,49.10, 23.31,29.94,45.42,92.19,117.60
13031$GPGGA,222330,37.4440866667,-122.117781667,49.10, 23.32,29.93,45.43,92.19,118.26
13031$GPGGA,222330,37.4440866667,-122.117781667,49.10, 23.33,29.93,45.44,92.09,118.10
13031$GPGGA,222330,37.4440866667,-122.117781667,49.10, 23.34,29.93,45.42,92.19,117.93
13031$GPGGA,222330,37.4440866667,-122.117781667,49.10, 23.35,29.94,45.39,92.09,117.60
13031$GPGGA,222330,37.4440866667,-122.117781667,49.10, 23.35,29.94,45.34,92.09,116.60
13031$GPGGA,222330,37.4440866667,-122.117781667,49.10, 23.36,29.94,45.25,92.60,116.44
13031$GPGGA,222330,37.4440866667,-122.117781667,49.10, 23.37,29.94,45.16,92.39,115.78
13031$GPGGA,222330,37.4440866667,-122.117781667,49.10, 23.38,29.94,45.07,91.59,115.78
13031$GPGGA,222330,37.4440866667,-122.117781667,49.10, 23.39,29.94,44.97,92.19,115.61
13031$GPGGA,222330,37.4440866667,-122.117781667,49.10, 23.39,29.94,44.88,92.39,115.19
13031$GPGGA,222330,37.4440866667,-122.117781667,49.10, 23.40,29.94,44.83,92.29,115.28
13031$GPGGA,222330,37.4440866667,-122.117781667,49.10, 23.41,29.95,44.79,92.60,115.03
13031$GPGGA,223009,37.4876733333,-122.206088333,51.61, 23.42,29.94,44.73,92.50,116.11
13031$GPGGA,223009,37.4876733333,-122.206088333,51.61, 23.42,29.94,44.64,91.99,115.94
13031$GPGGA,223023,37.488325,-122.210121667,53.27, 23.43,29.94,44.53,92.80,117.77
13031$GPGGA,223023,37.488325,-122.210121667,53.27, 23.44,29.93,44.44,92.39,119.51
13031$GPGGA,223037,37.4894433333,-122.214216667,53.70, 23.45,29.93,44.42,93.01,118.76
13031$GPGGA,223037,37.4894433333,-122.214216667,53.70, 23.46,29.93,44.33,93.01,117.93
13031$GPGGA,223037,37.4894433333,-122.214216667,53.70, 23.46,29.94,44.29,92.60,116.94
13031$GPGGA,223058,37.491875,-122.220015,57.10, 23.47,29.94,44.27,93.01,116.60
13031$GPGGA,223058,37.491875,-122.220015,57.10, 23.48,29.94,44.26,92.29,116.60
13031$GPGGA,223112,37.493605,-122.223925,56.80, 23.49,29.93,44.21,93.01,123.16
13031$GPGGA,223112,37.493605,-122.223925,56.80, 23.50,29.91,44.30,92.19,126.32
13031$GPGGA,223112,37.493605,-122.223925,56.80, 23.50,29.91,44.13,92.90,125.82
13031$GPGGA,223133,37.49562,-122.23027,55.58, 23.51,29.91,43.95,93.62,126.48
13031$GPGGA,223133,37.49562,-122.23027,55.58, 23.51,29.91,43.74,93.94,125.99
13031$GPGGA,223147,37.4968433333,-122.234591667,54.90, 23.51,29.90,43.64,94.57,127.90
13031$GPGGA,223147,37.4968433333,-122.234591667,54.90, 23.52,29.90,43.47,94.25,128.40
13031$GPGGA,223147,37.4968433333,-122.234591667,54.90, 23.52,29.90,43.45,94.36,126.82
13031$GPGGA,223208,37.499885,-122.240158333,53.09, 23.52,29.91,43.35,93.80,125.32
13031$GPGGA,223208,37.499885,-122.240158333,53.09, 23.52,29.91,42.96,94.17,124.66
13031$GPGGA,223222,37.50231,-122.24292,50.65, 23.53,29.91,42.81,94.64,124.99
13031$GPGGA,223222,37.50231,-122.24292,50.65, 23.53,29.91,42.73,94.49,125.99
13031$GPGGA,223222,37.50231,-122.24292,50.65, 23.54,29.91,42.69,94.38,125.99
13031$GPGGA,223243,37.50597,-122.24701,52.05, 23.54,29.91,42.69,94.86,125.16
13031$GPGGA,223243,37.50597,-122.24701,52.05, 23.54,29.91,42.73,95.18,125.16
13031$GPGGA,223257,37.50849,-122.249845,53.44, 23.55,29.91,42.49,94.80,124.99
13031$GPGGA,223257,37.50849,-122.249845,53.44, 23.55,29.91,42.44,95.12,124.33
13031$GPGGA,223257,37.50849,-122.249845,53.44, 23.55,29.92,42.41,95.83,121.34
13031$GPGGA,223318,37.51225,-122.254123333,49.00, 23.56,29.93,42.43,95.61,118.26
13031$GPGGA,223318,37.51225,-122.254123333,49.00, 23.56,29.94,42.52,95.34,116.77
13031$GPGGA,223318,37.51225,-122.254123333,49.00, 23.57,29.94,42.49,96.04,115.03
13031$GPGGA,223339,37.5144433333,-122.256625,21.41, 23.58,29.95,42.73,95.34,114.53
13031$GPGGA,223339,37.5144433333,-122.256625,21.41, 23.59,29.95,43.02,95.10,114.03
13031$GPGGA,223353,37.515465,-122.257765,21.07, 23.60,29.95,43.31,93.94,114.53
13031$GPGGA,223353,37.515465,-122.257765,21.07, 23.60,29.95,43.51,93.21,114.53
13031$GPGGA,223407,37.51654,-122.258966667,20.95, 23.61,29.95,43.65,93.73,114.53
13031$GPGGA,223407,37.51654,-122.258966667,20.95, 23.62,29.95,43.75,93.11,114.20
13031$GPGGA,223407,37.51654,-122.258966667,20.95, 23.63,29.95,43.84,92.80,113.37
13031$GPGGA,223428,37.51805,-122.26068,18.27, 23.64,29.95,43.94,92.90,112.87
13031$GPGGA,223428,37.51805,-122.26068,18.27, 23.65,29.95,44.03,92.50,113.37
13031$GPGGA,223442,37.5189016667,-122.261658333,20.51, 23.66,29.95,44.05,93.01,113.37
13031$GPGGA,223442,37.5189016667,-122.261658333,20.51, 23.66,29.95,44.07,92.09,115.61
13031$GPGGA,223442,37.5189016667,-122.261658333,20.51, 23.67,29.94,44.02,92.29,116.94
13031$GPGGA,223503,37.5211916667,-122.264143333,40.80, 23.68,29.94,43.97,92.39,117.43
13031$GPGGA,223503,37.5211916667,-122.264143333,40.80, 23.68,29.94,43.97,92.80,116.77
13031$GPGGA,223517,37.5231483333,-122.266368333,40.15, 23.69,29.94,43.73,92.70,115.78
13031$GPGGA,223517,37.5231483333,-122.266368333,40.15, 23.70,29.94,43.61,93.11,115.61
13031$GPGGA,223517,37.5231483333,-122.266368333,40.15, 23.70,29.94,43.65,93.42,115.44
130318,223538,37.5261283333,-122.268436667,31.36, 23.71,29.94,43.69,93.32,114.36
130318,223538,37.5261283333,-122.268436667,31.36, 23.72,29.95,43.87,92.80,114.03
130318$GPGGA,223552,37.5271033333,-122.268648333,0.05, 23.73,29.95,43.98,92.80,113.87
130318$GPGGA,223552,37.5271033333,-122.268648333,0.05, 23.74,29.95,44.04,92.29,113.53
130318$GPGGA,223552,37.5271033333,-122.268648333,0.05, 23.74,29.95,44.01,92.60,113.37
130318$GPGGA,223613,37.527415,-122.268428333,20.78, 23.75,29.95,43.92,92.29,112.70
130318$GPGGA,223613,37.527415,-122.268428333,20.78, 23.75,29.96,43.92,92.29,111.38
130318$GPGGA,223627,37.5282666667,-122.267128333,10.02, 23.76,29.96,43.97,91.99,110.63
130318$GPGGA,223627,37.5282666667,-122.267128333,10.02, 23.77,29.96,44.04,91.69,110.30
130318$GPGGA,223627,37.5282666667,-122.267128333,10.02, 23.77,29.96,44.06,91.99,109.97
130318,223648,37.52832,-122.266881667,0.03, 23.78,29.96,43.94,92.09,109.80
130318,223648,37.52832,-122.266881667,0.03, 23.79,29.96,43.76,92.29,109.97
130318$GPGGA,223702,37.5285183333,-122.266508333,12.93, 23.79,29.96,43.17,93.52,110.30
130318$GPGGA,223702,37.5285183333,-122.266508333,12.93, 23.78,29.96,42.47,94.36,109.97
130318$GPGGA,223702,37.5285183333,-122.266508333,12.93, 23.78,29.96,42.37,94.89,110.13
13031$GPGGA,223723,37.5293816667,-122.266786667,10.42, 23.78,29.96,42.41,94.68,109.80
13031$GPGGA,223723,37.5293816667,-122.266786667,10.42, 23.78,29.96,42.56,94.25,109.97
130318,223737,37.5293466667,-122.266276667,0.10, 23.79,29.96,42.65,94.36,109.47
130318,223737,37.5293466667,-122.266276667,0.10, 23.80,29.96,42.80,93.62,109.14
130318,223737,37.5293466667,-122.266276667,0.10, 23.80,29.97,42.96,93.11,109.47
130318$GPGGA,223758,37.5296,-122.266545,7.06, 23.81,29.97,43.05,94.25,109.64
130318$GPGGA,223758,37.5296,-122.266545,7.06, 23.81,29.96,43.09,93.52,109.47
130318$GPGGA,223812,37.5296816667,-122.267023333,4.65, 23.82,29.97,42.94,93.42,109.47
130318$GPGGA,223812,37.5296816667,-122.267023333,4.65, 23.83,29.97,42.88,93.62,109.30
130318$GPGGA,223812,37.5296816667,-122.267023333,4.65, 23.83,29.97,42.94,93.62,109.30
130318,223833,37.52976,-122.266743333,0.03, 23.84,29.97,43.03,93.32,108.97
130318,223833,37.52976,-122.266743333,0.03, 23.84,29.97,43.06,93.11,108.81
130318,223847,37.5297683333,-122.266551667,7.55, 23.85,29.97,43.01,93.21,108.81
130318,223847,37.5297683333,-122.266551667,7.55, 23.85,29.97,42.93,92.90,108.81
130318,223847,37.5297683333,-122.266551667,7.55, 23.86,29.97,42.86,93.21,108.81
130318$GPGGA,223908,37.530055,-122.26627,5.87, 23.86,29.97,42.75,93.01,109.30
130318$GPGGA,223908,37.530055,-122.26627,5.87, 23.86,29.97,42.65,93.21,109.47
130318$GPGGA,223922,37.530075,-122.266625,3.87, 23.87,29.96,42.66,93.32,109.64
130318$GPGGA,223922,37.530075,-122.266625,3.87, 23.87,29.96,42.68,92.90,109.64
130318$GPGGA,223922,37.530075,-122.266625,3.87, 23.88,29.96,42.75,93.01,109.64
130318$GPGGA,223943,37.5299766667,-122.266653333,3.32, 23.89,29.96,42.87,92.60,109.47
130318$GPGGA,223943,37.5299766667,-122.266653333,3.32, 23.89,29.96,42.87,92.70,109.14
130318$GPGGA,223957,37.529965,-122.266415,1.24, 23.90,29.97,42.91,92.60,109.30
130318$GPGGA,223957,37.529965,-122.266415,1.24, 23.90,29.96,42.96,92.39,109.47
130318$GPGGA,223957,37.529965,-122.266415,1.24, 23.91,29.96,42.92,92.80,109.47
130318$GPGGA,224018,37.52992,-122.266426667,0.12, 23.91,29.96,42.88,91.99,109.30
130318$GPGGA,224018,37.52992,-122.266426667,0.12, 23.92,29.96,43.59,91.29,109.64
130318$GPGGA,224032,37.5299183333,-122.266435,0.24, 23.72,29.96,42.01,63.43,109.80
130318$GPGGA,224032,37.5299183333,-122.266435,0.24, 23.27,29.96,43.08,53.50,110.13
130318$GPGGA,224032,37.5299183333,-122.266435,0.24, 22.88,29.96,43.13,48.77,110.63
130318$GPGGA,224032,37.5299183333,-122.266435,0.24, 22.68,29.96,43.30,45.65,111.05
130318,224340,37.5294,-122.266015,0.08, 22.57,29.96,43.14,43.36,111.21
130318,224340,37.5294,-122.266015,0.08, 22.53,29.96,43.70,41.90,111.71
130318,224514,37.5293983333,-122.266015,0.01, 22.53,29.96,43.62,40.80,112.04
130318,224514,37.5293983333,-122.266015,0.01, 22.54,29.96,43.62,39.84,112.54
130318,224648,37.529395,-122.266008333,0.02, 22.51,29.96,43.24,39.95,112.54
130318,224648,37.529395,-122.266008333,0.02, 22.47,29.95,43.58,39.47,112.54
130318,224822,37.5293883333,-122.266003333,0.02, 22.47,29.95,43.46,38.81,112.54
130318,224822,37.5293883333,-122.266003333,0.02, 22.44,29.95,42.62,39.10,112.70
130318,224822,37.5293883333,-122.266003333,0.02, 22.16,29.95,42.47,40.26,112.54
130318,225043,37.52966,-122.265511667,2.05, 21.73,29.95,44.29,40.65,112.37
130318,225043,37.52966,-122.265511667,2.05, 21.40,29.95,45.17,40.72,112.54
130318,225217,37.5299716667,-122.264943333,2.24, 21.07,29.96,45.95,41.28,112.21
130318,225217,37.5299716667,-122.264943333,2.24, 20.77,29.96,47.09,41.24,112.21
130318,225217,37.5299716667,-122.264943333,2.24, 20.61,29.96,47.37,40.84,112.37
130318,225438,37.5305633333,-122.264046667,2.01, 20.43,29.96,48.61,41.28,112.04
130318,225438,37.5305633333,-122.264046667,2.01, 20.27,29.96,48.98,40.84,112.21
130318,225612,37.5306883333,-122.26317,1.62, 20.01,29.96,50.11,41.73,111.21
130318,225612,37.5306883333,-122.26317,1.62, 19.52,29.96,49.99,42.66,111.21
130318,225612,37.5306883333,-122.26317,1.62, 19.04,29.96,50.73,43.00,111.21
130318,225833,37.530645,-122.262485,0.72, 18.72,29.96,52.05,43.40,111.54
130318,225833,37.530645,-122.262485,0.72, 18.56,29.96,50.91,42.70,112.21
130318,230007,37.5306716667,-122.262385,0.54, 18.59,29.95,52.73,41.32,112.70
130318,230007,37.5306716667,-122.262385,0.54, 18.74,29.92,53.52,40.10,128.40
130318,230007,37.5306716667,-122.262385,0.54, 18.97,29.91,55.04,38.53,123.66
130318$GPGGA,231018,37.5297266667,-122.264141667,0.84, 21.14,29.94,49.42,34.96,115.44
130318,231152,37.53016,-122.264135,0.48, 21.27,29.94,49.23,34.87,115.19
130318,231152,37.53016,-122.264135,0.48, 21.39,29.94,48.92,34.70,115.44
130318,231152,37.53016,-122.264135,0.48, 21.51,29.94,48.44,34.59,115.44
130318,231152,37.53016,-122.264135,0.48, 21.62,29.94,48.27,34.59,115.44
130318,231413,37.5302783333,-122.263523333,0.59, 21.71,29.94,48.06,34.42,115.44
130318,231547,37.53029,-122.263391667,0.54, 21.80,29.94,47.80,34.44,115.44
130318,231547,37.53029,-122.263391667,0.54, 21.89,29.94,47.62,34.33,115.44
130318,231547,37.53029,-122.263391667,0.54, 21.97,29.94,47.31,34.33,115.78
130318,231547,37.53029,-122.263391667,0.54, 22.04,29.94,47.02,34.28,115.44
130318$GPGGA,231808,37.5305283333,-122.263253333,0.14, 22.12,29.94,46.88,34.33,115.78
130318,231942,37.5301716667,-122.263355,1.25, 22.19,29.94,46.66,34.31,115.78
130318,231942,37.5301716667,-122.263355,1.25, 22.25,29.94,46.46,34.28,116.44
130318,231942,37.5301716667,-122.263355,1.25, 22.32,29.94,46.33,34.44,116.44
130318,231942,37.5301716667,-122.263355,1.25, 22.37,29.94,46.19,34.31,116.60
130318,232250,37.5301416667,-122.263638333,0.43, 22.43,29.94,45.99,34.42,116.94
130318,232250,37.5301416667,-122.263638333,0.43, 22.48,29.94,45.89,34.36,117.10
130318,232424,37.5302183333,-122.2636,1.13, 22.53,29.94,45.79,34.33,117.27
130318,232424,37.5302183333,-122.2636,1.13, 22.58,29.94,45.65,34.39,117.43
130318,232424,37.5302183333,-122.2636,1.13, 22.63,29.94,45.51,34.73,117.10
130318,232645,37.5303183333,-122.263373333,0.07, 22.68,29.94,45.25,34.33,117.27
130318,232645,37.5303183333,-122.263373333,0.07, 22.73,29.94,45.19,34.70,117.10
130318,232819,37.5302483333,-122.263315,0.33, 22.77,29.94,45.17,34.39,117.10
130318,232819,37.5302483333,-122.263315,0.33, 22.81,29.94,44.99,34.36,117.27
130318,232819,37.5302483333,-122.263315,0.33, 22.85,29.94,44.83,34.62,117.27
130318,233040,37.530295,-122.263496667,0.27, 22.89,29.94,44.76,34.59,117.27
130318,233040,37.530295,-122.263496667,0.27, 22.94,29.94,44.67,34.53,117.10
130318,233214,37.5302966667,-122.263706667,0.05, 22.98,29.94,44.53,34.62,117.10
130318,233214,37.5302966667,-122.263706667,0.05, 23.03,29.94,44.37,34.81,117.60
130318,233214,37.5302966667,-122.263706667,0.05, 23.07,29.94,44.33,34.73,117.77
130318,233435,37.5302833333,-122.263555,0.88, 23.11,29.94,44.08,34.87,117.60
130318,233435,37.5302833333,-122.263555,0.88, 23.16,29.93,43.94,34.76,117.77
130318,233435,37.5302833333,-122.263555,0.88, 23.20,29.93,43.95,34.90,117.93
130318,233435,37.5302833333,-122.263555,0.88, 23.24,29.94,43.77,34.96,117.60
130318,233435,37.5302833333,-122.263555,0.88, 23.27,29.94,43.59,34.99,117.43
130318,233830,37.53022,-122.263411667,0.64, 23.31,29.94,43.59,35.04,117.60
130318,233830,37.53022,-122.263411667,0.64, 23.34,29.94,43.51,34.93,116.94
130318,234004,37.5301666667,-122.26335,0.74, 23.38,29.94,43.22,35.13,116.94
130318,234004,37.5301666667,-122.26335,0.74, 23.41,29.94,43.16,35.16,117.10
130318,234004,37.5301666667,-122.26335,0.74, 23.43,29.94,43.13,35.08,117.27
130318,234225,37.530185,-122.263515,0.55, 23.45,29.94,43.00,35.37,117.10
130318,234225,37.530185,-122.263515,0.55, 23.47,29.94,42.79,35.25,116.94
130318,234225,37.530185,-122.263515,0.55, 23.50,29.94,42.86,35.40,116.94
130318,234225,37.530185,-122.263515,0.55, 23.52,29.94,42.82,35.37,117.10
130318,234225,37.530185,-122.263515,0.55, 23.55,29.94,42.71,35.49,116.94
130318$GPGGA,234533,37.5303683333,-122.263506667,0.09, 23.57,29.94,42.68,35.43,116.77
130318,234707,37.5303283333,-122.263381667,0.22, 23.59,29.94,42.58,35.46,117.10
130318,234707,37.5303283333,-122.263381667,0.22, 23.62,29.94,42.65,35.43,117.27
130318,234707,37.5303283333,-122.263381667,0.22, 23.64,29.94,42.59,35.49,117.43
130318,234707,37.5303283333,-122.263381667,0.22, 23.66,29.94,42.56,35.49,117.77
130318$GPGGA,234928,37.5302366667,-122.263525,0.16, 23.68,29.94,42.54,35.49,117.77
130318,235102,37.5304183333,-122.263431667,1.02, 23.71,29.94,42.44,35.52,117.77
130318,235102,37.5304183333,-122.263431667,1.02, 23.74,29.94,42.16,35.67,117.93
130318,235102,37.5304183333,-122.263431667,1.02, 23.77,29.93,42.24,35.64,118.10
130318,235102,37.5304183333,-122.263431667,1.02, 23.79,29.93,42.23,35.64,118.10
130318$GPGGA,235323,37.530365,-122.263575,0.34, 23.82,29.93,42.22,35.61,117.93
130318,235457,37.5301566667,-122.263611667,0.16, 23.85,29.93,42.13,35.73,118.43
130318,235457,37.5301566667,-122.263611667,0.16, 23.88,29.93,42.12,35.52,118.60
130318,235457,37.5301566667,-122.263611667,0.16, 23.90,29.93,41.96,35.70,118.76
130318,235457,37.5301566667,-122.263611667,0.16, 23.92,29.93,41.82,35.67,118.76
130318,235718,37.5302883333,-122.263476667,0.21, 23.94,29.93,41.67,35.97,118.76
130318,235718,37.5302883333,-122.263476667,0.21, 23.96,29.93,41.78,35.88,118.76
130318,235718,37.5302883333,-122.263476667,0.21, 23.97,29.93,41.68,35.91,118.76
130318,235718,37.5302883333,-122.263476667,0.21, 23.98,29.93,41.25,36.12,118.93
130318,235718,37.5302883333,-122.263476667,0.21, 23.99,29.93,41.43,36.12,118.76
140318$GPGGA,000113,37.5302483333,-122.263468333,0.87, 24.00,29.93,41.27,36.12,118.93
140318$GPGGA,010257,37.545715,-122.275343333,0.01, 22.79,29.95,48.75,89.36,113.70
140318$GPGGA,010257,37.545715,-122.275343333,0.01, 22.79,29.95,48.67,89.17,113.70
140318$GPGGA,010257,37.545715,-122.275343333,0.01, 22.80,29.95,48.72,89.84,113.70
140318$GPGGA,010257,37.545715,-122.275343333,0.01, 22.80,29.95,48.85,89.27,113.53
140318$GPGGA,010257,37.545715,-122.275343333,0.01, 22.83,29.95,49.71,88.06,113.87
140318$GPGGA,010257,37.545715,-122.275343333,0.01, 22.89,29.95,51.92,86.79,114.03
140318$GPGGA,010257,37.545715,-122.275343333,0.01, 22.97,29.95,52.48,85.30,113.87
140318$GPGGA,010257,37.545715,-122.275343333,0.01, 23.04,29.95,51.63,85.64,114.20
140318$GPGGA,010257,37.545715,-122.275343333,0.01, 23.10,29.95,50.86,86.25,114.03
140318$GPGGA,010257,37.545715,-122.275343333,0.01, 23.15,29.95,50.30,87.33,114.20
140318$GPGGA,010257,37.545715,-122.275343333,0.01, 23.18,29.95,49.95,87.69,114.20
140318$GPGGA,010257,37.545715,-122.275343333,0.01, 23.20,29.95,49.33,87.33,114.20
140318$GPGGA,010257,37.545715,-122.275343333,0.01, 23.22,29.95,49.00,87.15,114.53
140318$GPGGA,010257,37.545715,-122.275343333,0.01, 23.24,29.95,48.65,87.42,114.36
140318$GPGGA,010257,37.545715,-122.275343333,0.01, 23.26,29.95,48.38,88.33,114.36
140318$GPGGA,010257,37.545715,-122.275343333,0.01, 23.27,29.95,48.24,88.70,114.36
140318$GPGGA,010257,37.545715,-122.275343333,0.01, 23.28,29.95,48.21,88.15,114.36
140318$GPGGA,010257,37.545715,-122.275343333,0.01, 23.29,29.95,48.19,88.98,114.36
140318$GPGGA,010503,37.5457083333,-122.275341667,0.03, 23.31,29.95,48.11,88.61,114.36
140318$GPGGA,010503,37.5457083333,-122.275341667,0.03, 23.33,29.95,48.05,88.52,114.53
140318$GPGGA,010503,37.5457083333,-122.275341667,0.03, 23.35,29.95,48.08,87.78,114.36
140318$GPGGA,010524,37.5457066667,-122.27534,0.04, 23.36,29.95,48.05,88.24,114.36
140318$GPGGA,010524,37.5457066667,-122.27534,0.04, 23.38,29.95,47.98,88.15,114.03
140318$GPGGA,010538,37.5457066667,-122.275338333,0.01, 23.40,29.95,47.91,87.96,114.53
140318$GPGGA,010538,37.5457066667,-122.275338333,0.01, 23.42,29.95,48.21,88.33,114.20
140318$GPGGA,010552,37.5457066667,-122.275338333,0.00, 23.44,29.95,48.16,88.33,114.20
140318$GPGGA,010552,37.5457066667,-122.275338333,0.00, 23.45,29.95,48.00,87.96,114.20
140318$GPGGA,010552,37.5457066667,-122.275338333,0.00, 23.45,29.95,48.03,88.43,114.20
140318$GPGGA,010613,37.545705,-122.275338333,0.00, 23.46,29.95,48.15,88.33,113.87
140318$GPGGA,010613,37.545705,-122.275338333,0.00, 23.47,29.95,48.46,87.78,114.03
140318$GPGGA,010627,37.545705,-122.275338333,0.02, 23.48,29.95,48.26,87.96,114.03
140318$GPGGA,010627,37.545705,-122.275338333,0.02, 23.49,29.95,48.10,87.69,114.20
140318$GPGGA,010627,37.545705,-122.275338333,0.02, 23.50,29.95,48.00,87.51,114.20
140318$GPGGA,010648,37.5457033333,-122.275338333,0.06, 23.51,29.95,48.19,88.15,114.03
140318$GPGGA,010648,37.5457033333,-122.275338333,0.06, 23.52,29.95,48.32,87.42,114.36
140318$GPGGA,010702,37.5457033333,-122.275338333,0.01, 23.52,29.95,48.26,87.60,114.03
140318$GPGGA,010702,37.5457033333,-122.275338333,0.01, 23.52,29.95,48.22,87.24,114.03
140318$GPGGA,010702,37.5457033333,-122.275338333,0.01, 23.52,29.95,48.13,87.78,113.87
140318$GPGGA,010723,37.5457016667,-122.275338333,0.03, 23.52,29.95,48.11,87.78,114.03
140318$GPGGA,010723,37.5457016667,-122.275338333,0.03, 23.51,29.95,48.11,88.06,113.87
140318$GPGGA,010723,37.5457016667,-122.275338333,0.03, 23.51,29.95,48.13,87.96,113.87
140318$GPGGA,010723,37.5457016667,-122.275338333,0.03, 23.50,29.95,48.19,88.33,113.87
140318$GPGGA,010723,37.5457016667,-122.275338333,0.03, 23.49,29.95,48.20,88.24,113.87
140318$GPGGA,010758,37.5457,-122.275338333,0.00, 23.49,29.95,48.31,88.24,113.70
140318$GPGGA,010758,37.5457,-122.275338333,0.00, 23.47,29.95,48.29,88.06,113.70
140318$GPGGA,010812,37.5457,-122.275338333,0.01, 23.46,29.95,48.34,88.06,113.87
140318$GPGGA,010812,37.5457,-122.275338333,0.01, 23.47,29.95,48.73,87.96,114.03
140318$GPGGA,010812,37.5457,-122.275338333,0.01, 23.51,29.95,50.10,66.37,114.03
140318$GPGGA,010812,37.5457,-122.275338333,0.01, 23.58,29.95,48.52,49.89,114.03
140318$GPGGA,010944,37.5456983333,-122.275338333,0.01, 23.66,29.95,47.88,42.96,113.70
140318$GPGGA,010944,37.5456983333,-122.275338333,0.01, 23.74,29.95,47.41,38.99,113.87
140318$GPGGA,010944,37.5456983333,-122.275338333,0.01, 23.80,29.95,47.17,36.69,113.87
140318$GPGGA,010944,37.5456983333,-122.275338333,0.01, 23.84,29.95,47.03,35.04,113.70
140318$GPGGA,011304,37.5456933333,-122.27534,0.01, 23.88,29.95,46.90,34.14,113.70
140318$GPGGA,011304,37.5456933333,-122.27534,0.01, 23.91,29.95,46.84,33.36,113.70
140318$GPGGA,011304,37.5456933333,-122.27534,0.01, 23.94,29.95,46.78,32.84,113.87
140318$GPGGA,011304,37.5456933333,-122.27534,0.01, 23.96,29.95,46.75,32.36,113.87
140318$GPGGA,011804,37.5456866667,-122.275338333,0.01, 24.00,29.95,46.76,31.80,113.53
140318$GPGGA,011804,37.5456866667,-122.275338333,0.01, 24.02,29.95,46.75,31.51,113.70
140318,012304,37.5456516667,-122.275428333,1.20, 23.98,29.96,42.70,32.06,112.37
140318,012304,37.5456516667,-122.275428333,1.20, 23.89,29.96,47.30,30.96,112.04
140318$GPGGA,012608,37.5519166667,-122.280121667,9.13, 24.05,29.96,46.48,71.25,112.21
140318$GPGGA,012608,37.5519166667,-122.280121667,9.13, 24.07,29.95,46.47,71.92,112.70
14031$GPGGA,012903,37.5536066667,-122.291016667,17.81, 24.42,29.96,44.75,81.98,112.04
14031$GPGGA,012903,37.5536066667,-122.291016667,17.81, 24.44,29.96,44.74,82.14,111.88
140318,013102,37.5557366667,-122.29324,2.77, 24.26,29.95,43.40,65.91,113.70
140318,013102,37.5557366667,-122.29324,2.77, 23.95,29.95,44.65,50.91,113.87
140318,020140,37.55603,-122.292863333,0.19, 23.74,29.95,43.47,31.85,114.53
140318,020140,37.55603,-122.292863333,0.19, 23.75,29.95,43.83,31.75,114.86
140318,020140,37.55603,-122.292863333,0.19, 23.75,29.95,43.83,31.68,114.86
140318,020140,37.55603,-122.292863333,0.19, 23.76,29.95,43.81,31.82,115.03
140318,020140,37.55603,-122.292863333,0.19, 23.78,29.95,44.12,31.61,115.19
140318,020140,37.55603,-122.292863333,0.19, 23.79,29.94,43.60,31.49,115.19
140318,020140,37.55603,-122.292863333,0.19, 23.80,29.94,43.61,31.68,115.03
140318,020140,37.55603,-122.292863333,0.19, 23.80,29.95,43.78,31.47,115.19
140318,020140,37.55603,-122.292863333,0.19, 23.80,29.95,43.61,31.73,115.28
140318,020910,37.5559383333,-122.292933333,0.58, 23.81,29.94,43.34,31.63,115.28
140318,020910,37.5559383333,-122.292933333,0.58, 23.81,29.94,43.58,31.63,115.28
140318,020910,37.5559383333,-122.292933333,0.58, 23.81,29.94,43.74,31.40,115.19
140318,020910,37.5559383333,-122.292933333,0.58, 23.82,29.95,43.64,31.35,115.28
140318,020910,37.5559383333,-122.292933333,0.58, 23.82,29.94,43.51,31.19,115.44
140318,022000,37.5560433333,-122.292965,0.65, 23.90,29.95,43.14,31.05,114.70
140318,022000,37.5560433333,-122.292965,0.65, 23.90,29.95,43.06,31.01,114.70
140318,022000,37.5560433333,-122.292965,0.65, 23.91,29.95,43.14,31.12,114.70
140318,022000,37.5560433333,-122.292965,0.65, 23.91,29.95,42.97,31.17,114.53
140318,022500,37.5560166667,-122.292888333,0.56, 23.92,29.95,42.30,31.47,114.53
140318,022500,37.5560166667,-122.292888333,0.56, 23.92,29.95,42.35,31.94,114.20
140318,023000,37.5560333333,-122.29299,0.91, 23.80,29.95,42.41,32.16,113.70
140318,023000,37.5560333333,-122.29299,0.91, 23.79,29.95,42.48,32.14,113.53
140318,023000,37.5560333333,-122.29299,0.91, 23.78,29.95,42.37,32.33,113.20
140318,023000,37.5560333333,-122.29299,0.91, 23.78,29.95,42.69,32.09,113.20
140318,023000,37.5560333333,-122.29299,0.91, 23.77,29.95,42.26,32.36,113.37
140318,023000,37.5560333333,-122.29299,0.91, 23.77,29.95,42.48,32.19,113.37
140318,023500,37.5560633333,-122.292891667,0.53, 23.77,29.95,42.78,32.14,113.37
140318,023500,37.5560633333,-122.292891667,0.53, 23.77,29.95,42.61,32.09,113.20
140318,024000,37.55604,-122.29281,1.01, 23.78,29.95,42.52,32.04,112.87
140318,024000,37.55604,-122.29281,1.01, 23.78,29.95,42.40,32.44,112.87
140318,024500,37.5559866667,-122.292826667,0.35, 23.78,29.95,42.62,32.56,113.37
140318,024500,37.5559866667,-122.292826667,0.35, 23.79,29.95,42.70,32.61,113.53
140318,025000,37.556045,-122.29291,0.57, 23.85,29.95,41.67,33.17,113.70
140318,025000,37.556045,-122.29291,0.57, 23.86,29.95,41.68,33.46,113.70
140318,025500,37.5560466667,-122.292918333,0.68, 23.97,29.95,43.68,32.04,113.53
140318,025500,37.5560466667,-122.292918333,0.68, 24.01,29.95,43.73,32.02,113.70
140318,030000,37.5562183333,-122.292973333,1.40, 24.34,29.95,45.08,29.80,114.03
140318,030000,37.5562183333,-122.292973333,1.40, 24.41,29.95,44.68,30.23,114.03
140318,030140,37.5560816667,-122.292935,1.18, 24.48,29.95,44.77,30.14,114.20
140318,030140,37.5560816667,-122.292935,1.18, 24.54,29.95,44.74,29.89,114.20
140318,030320,37.556035,-122.292928333,0.33, 24.60,29.95,44.90,29.84,114.03
140318,030320,37.556035,-122.292928333,0.33, 24.66,29.95,44.65,29.91,114.20
140318,030500,37.5559633333,-122.292913333,1.10, 24.70,29.95,44.72,29.86,114.70
140318,030500,37.5559633333,-122.292913333,1.10, 24.71,29.95,44.32,30.14,114.86
140318,030640,37.5557666667,-122.292966667,0.47, 24.70,29.95,44.81,30.10,115.19
140318,030640,37.5557666667,-122.292966667,0.47, 24.67,29.94,45.21,29.91,115.19
140318,030820,37.5557116667,-122.293151667,1.75, 24.50,29.95,40.84,30.40,114.86
140318,030820,37.5557116667,-122.293151667,1.75, 24.22,29.95,41.99,31.37,114.03
140318,031000,37.555725,-122.293153333,1.06, 24.00,29.95,42.90,31.21,113.70
140318,031000,37.555725,-122.293153333,1.06, 23.85,29.95,43.12,31.10,113.53
140318,031500,37.55165,-122.279591667,19.40, 23.53,29.95,43.64,31.03,114.20
140318,031500,37.55165,-122.279591667,19.40, 23.50,29.95,43.76,31.05,113.53
