time,Tempature,Barometric_Pressure,Humidity,Gas,Altitude
163433, 20.79,29.94,55.27,0.00,116.11
163440, 20.93,29.94,56.02,4.82,116.11
163447, 21.10,29.94,52.83,6.03,116.11
163454, 21.19,29.94,50.83,7.60,116.11
163501, 21.24,29.94,49.93,9.17,116.11
163508, 21.27,29.94,49.51,10.83,116.11
163515, 21.29,29.94,49.30,12.40,116.11
163522, 21.31,29.94,49.14,14.01,116.27
163529, 21.32,29.94,49.01,15.61,116.11
163536, 21.33,29.94,48.91,17.23,116.11
163543, 21.34,29.94,48.81,18.82,116.11
163550, 21.34,29.94,48.73,20.50,116.11
163557, 21.35,29.94,48.69,22.02,116.27
163605, 21.35,29.94,48.74,23.44,116.27
163612, 21.35,29.94,48.73,24.90,116.27
163619, 21.35,29.94,48.71,26.49,116.11
163626, 21.35,29.94,48.69,27.86,116.11
163633, 21.35,29.94,48.69,29.25,116.11
163640, 21.35,29.94,48.70,30.49,116.11
163647, 21.34,29.94,48.59,31.99,116.11
163654, 21.33,29.94,48.36,32.97,115.94
163701, 21.32,29.94,48.45,34.17,116.11
163708, 21.31,29.94,48.53,35.25,115.94
163715, 21.30,29.94,48.56,36.50,115.78
163723, 21.30,29.94,48.65,37.31,116.11
163730, 21.30,29.94,48.68,38.39,115.94
163737, 21.29,29.94,48.70,39.54,115.94
163744, 21.29,29.94,48.71,40.57,115.78
163751, 21.29,29.94,48.73,41.56,115.78
163758, 21.28,29.94,48.73,42.27,116.11
163805, 21.28,29.94,48.72,43.45,115.94
163812, 21.27,29.94,48.75,43.99,115.94
163819, 21.27,29.94,48.72,44.88,115.61
163826, 21.26,29.94,48.70,45.80,115.61
163833, 21.26,29.94,48.71,46.51,115.78
163840, 21.26,29.94,48.71,47.03,115.61
163847, 21.25,29.94,48.71,47.80,115.61
163854, 21.25,29.94,48.71,48.74,115.44
163901, 21.25,29.94,48.70,49.37,115.44
163908, 21.25,29.94,48.71,50.16,115.44
163915, 21.24,29.94,48.73,50.76,115.61
163924, 21.24,29.94,48.82,50.49,115.44
163931, 21.23,29.94,48.83,51.41,115.44
163938, 21.23,29.94,48.85,51.98,115.44
163945, 21.23,29.94,48.85,52.66,115.28
163952, 21.22,29.94,48.87,53.40,115.44
163959, 21.22,29.94,48.86,54.25,115.44
164006, 21.22,29.94,48.87,54.75,115.28
164013, 21.22,29.94,48.88,55.47,115.28
164020, 21.21,29.94,48.90,55.87,115.19
164028, 21.21,29.94,48.95,55.91,115.19
164035, 21.21,29.94,48.96,56.47,115.03
164042, 21.20,29.94,49.00,57.04,115.19
164049, 21.20,29.94,49.03,57.55,115.19
164056, 21.19,29.94,48.99,58.02,115.03
164103, 21.18,29.94,48.89,58.14,115.03
164110, 21.17,29.95,48.75,59.20,115.28
164117, 21.15,29.95,48.67,59.62,115.19
164124, 21.13,29.95,48.69,60.17,115.19
164131, 21.11,29.95,48.77,60.69,115.03
164138, 21.08,29.95,48.79,61.27,114.86
164145, 21.06,29.95,48.82,61.49,114.86
164152, 21.04,29.95,48.90,61.90,114.86
164159, 21.02,29.95,48.95,62.17,114.86
164206, 21.00,29.95,49.00,62.35,115.03
164213, 20.99,29.94,49.03,63.00,115.03
164220, 20.98,29.95,49.08,63.29,114.70
164227, 20.97,29.95,49.12,63.48,114.86
164234, 20.97,29.95,49.14,63.57,114.86
164241, 20.97,29.95,49.17,64.01,114.70
164248, 20.97,29.95,49.34,64.11,114.70
164255, 20.98,29.95,49.46,64.40,114.70
164302, 20.98,29.95,49.50,65.19,114.53
164309, 20.98,29.95,49.59,65.25,114.53
164316, 20.98,29.95,49.65,65.40,114.36
164323, 20.97,29.95,49.67,65.25,114.53
164330, 20.96,29.95,49.65,65.35,114.36
164337, 20.96,29.95,49.63,65.40,114.36
164344, 20.95,29.95,49.57,65.55,114.36
164351, 20.95,29.95,49.52,65.91,114.53
164358, 20.95,29.95,49.46,66.27,114.20
164405, 20.95,29.95,49.42,66.53,114.20
164412, 20.96,29.95,49.47,66.37,114.20
164419, 20.96,29.95,49.51,66.27,114.03
164426, 20.96,29.95,49.54,67.22,114.03
164433, 20.95,29.95,49.53,67.22,113.87
164440, 20.95,29.95,49.50,67.54,114.03
164447, 20.94,29.95,49.50,67.82,113.87
164455, 20.92,29.95,49.61,67.60,113.87
164502, 20.91,29.95,49.65,67.92,113.87
164509, 20.89,29.95,49.76,68.14,113.70
164516, 20.88,29.95,50.05,68.25,114.03
164523, 20.87,29.95,50.16,67.65,114.03
164530, 20.86,29.95,50.12,68.09,113.87
164537, 20.86,29.95,50.06,68.09,113.87
164544, 20.86,29.95,50.00,68.47,113.87
164551, 20.87,29.95,49.98,68.92,114.03
164558, 20.87,29.95,50.03,69.04,113.87
164605, 20.87,29.95,50.05,69.38,113.87
164612, 20.87,29.95,49.99,69.43,113.87
164619, 20.87,29.95,49.97,69.83,113.70
164626, 20.87,29.95,50.04,69.66,113.87
164633, 20.87,29.95,50.10,70.01,113.70
164640, 20.87,29.95,50.05,70.30,113.87
164647, 20.87,29.95,50.03,70.01,113.87
164654, 20.87,29.95,50.11,70.24,113.87
164701, 20.87,29.95,50.18,70.42,113.87
164708, 20.87,29.95,50.24,70.95,113.87
164715, 20.87,29.95,50.32,70.83,113.87
164722, 20.86,29.95,50.36,71.07,113.70
164729, 20.85,29.95,50.40,71.07,113.70
164736, 20.83,29.95,50.40,71.31,113.53
164743, 20.81,29.95,50.44,71.61,113.70
164750, 20.79,29.95,50.52,71.67,113.37
164757, 20.77,29.95,50.58,71.55,113.53
164804, 20.76,29.95,50.57,72.17,113.37
164811, 20.76,29.95,50.60,72.17,113.37
164818, 20.76,29.95,50.63,72.10,113.37
164825, 20.77,29.95,50.74,72.17,113.37
164833, 20.77,29.95,50.66,72.04,113.53
164840, 20.78,29.95,50.62,72.23,113.37
164847, 20.79,29.95,50.74,71.92,113.53
164854, 20.80,29.95,50.98,71.31,113.53
164901, 20.82,29.95,51.02,71.13,113.53
164908, 20.84,29.95,50.98,71.01,113.53
164915, 20.85,29.95,50.85,71.55,113.53
164922, 20.86,29.95,50.70,71.67,113.53
164929, 20.87,29.95,50.61,71.25,113.53
164936, 20.87,29.95,50.74,70.42,113.20
164943, 20.88,29.95,50.94,70.48,113.37
164950, 20.90,29.95,51.03,70.65,113.37
164957, 20.91,29.95,51.20,70.30,113.37
165004, 20.93,29.95,51.10,70.07,113.37
165011, 20.95,29.95,51.38,70.18,113.37
165018, 20.97,29.95,51.42,70.12,113.53
165025, 20.99,29.95,51.37,70.01,113.53
165032, 21.01,29.95,51.18,70.48,113.37
165039, 21.04,29.95,50.99,70.65,113.20
165046, 21.06,29.95,50.92,70.95,113.37
165053, 21.09,29.95,50.93,70.89,113.53
165100, 21.11,29.95,51.03,70.83,113.53
165107, 21.13,29.95,51.04,70.71,113.53
165114, 21.15,29.95,50.99,71.31,113.53
165121, 21.17,29.95,51.03,70.95,113.37
165128, 21.23,29.95,51.49,70.48,113.53
165135, 21.32,29.95,52.44,69.89,113.20
165142, 21.40,29.95,52.39,69.43,113.37
165149, 21.45,29.95,51.99,69.66,113.37
165156, 21.49,29.95,51.81,69.43,113.37
165157, 21.52,29.95,51.81,68.70,113.37
165211, 21.55,29.95,51.85,68.98,113.53
165218, 21.58,29.95,51.85,69.04,113.53
165225, 21.61,29.95,51.71,69.21,113.37
165232, 21.64,29.95,51.73,69.38,113.53
165239, 21.67,29.95,51.73,69.32,113.20
165246, 21.71,29.95,51.75,69.55,113.53
165307, 21.80,29.95,51.96,69.04,113.70
165314, 21.83,29.95,51.84,68.98,113.70
165321, 21.87,29.95,51.78,68.70,113.70
165328, 21.90,29.95,51.54,68.87,113.87
165335, 21.93,29.95,51.24,69.21,113.87
165342, 21.95,29.95,51.06,69.15,113.87
165349, 21.98,29.95,50.94,69.15,113.20
165356, 22.01,29.95,50.91,69.32,113.04
165403, 22.04,29.95,50.98,69.38,112.54
165410, 22.07,29.95,51.01,69.38,112.54
165417, 22.10,29.95,50.98,69.26,112.54
165424, 22.13,29.95,50.74,69.61,113.04
165431, 22.16,29.95,50.16,69.83,113.20
165438, 22.19,29.95,49.75,70.42,113.20
165445, 22.21,29.95,49.43,70.95,113.20
165452, 22.23,29.95,49.30,70.95,113.20
165459, 22.26,29.95,49.18,71.07,113.04
165507, 22.28,29.95,49.00,70.60,113.20
165514, 22.29,29.95,48.37,71.49,113.20
165521, 22.30,29.95,47.64,72.41,113.04
165528, 22.30,29.95,47.79,72.29,112.87
165535, 22.32,29.95,47.98,72.17,112.87
165542, 22.32,29.95,47.60,73.17,112.70
165549, 22.25,29.95,45.95,75.19,112.87
165556, 22.11,29.95,44.69,76.83,112.87
165603, 21.94,29.95,43.64,78.91,113.04
165610, 21.79,29.95,43.33,79.06,113.04
165617, 21.65,29.95,44.63,78.55,112.54
165624, 21.51,29.96,45.17,79.51,112.21
165631, 21.37,29.96,43.75,80.88,112.21
165638, 21.25,29.96,44.26,81.19,112.04
165645, 21.15,29.96,44.98,80.50,112.04
165652, 21.08,29.96,45.87,79.66,112.04
165659, 21.03,29.96,46.05,79.81,111.71
165706, 21.00,29.96,45.11,81.27,111.88
165713, 20.98,29.96,44.29,82.14,112.04
165720, 20.96,29.96,44.33,82.30,112.04
165727, 20.93,29.96,44.05,83.61,111.71
165734, 20.90,29.96,43.58,84.02,111.88
165741, 20.87,29.96,42.98,85.38,112.04
165748, 20.83,29.96,42.42,86.17,112.04
165755, 20.78,29.96,42.20,86.97,112.04
165803, 20.74,29.96,42.03,86.88,112.21
165810, 20.69,29.96,41.72,87.42,112.04
165817, 20.64,29.96,41.66,88.52,112.04
165824, 20.60,29.96,41.58,88.89,111.88
165831, 20.55,29.95,41.39,89.27,112.04
165838, 20.50,29.96,41.15,90.61,112.04
165845, 20.46,29.96,40.96,91.20,111.88
165852, 20.41,29.96,40.77,92.09,112.04
165859, 20.36,29.96,40.62,92.19,112.21
165906, 20.30,29.96,40.46,92.50,112.04
165913, 20.25,29.95,40.36,93.42,112.21
165920, 20.20,29.95,40.30,94.78,112.04
165927, 20.15,29.96,40.28,95.10,112.37
165934, 20.10,29.95,40.22,95.32,112.37
165941, 20.05,29.95,40.18,94.33,112.21
165948, 20.01,29.96,40.15,94.17,112.37
165955, 19.96,29.96,40.15,95.45,112.21
170002, 19.91,29.95,40.16,95.83,112.37
170009, 19.86,29.96,40.13,95.45,112.04
170006, 19.82,29.95,40.12,96.15,112.37
170003, 19.77,29.96,40.10,97.09,112.21
170000, 19.73,29.96,40.09,97.43,112.04
170007, 19.68,29.96,40.10,97.66,112.21
170004, 19.63,29.96,40.09,98.00,112.21
170001, 19.59,29.95,40.10,98.40,112.04
170008, 19.54,29.96,40.10,97.77,112.37
170105, 19.50,29.96,40.17,99.03,112.21
170102, 19.46,29.96,40.46,98.05,112.21
170109, 19.42,29.96,40.98,97.54,112.04
170106, 19.39,29.96,41.28,98.11,112.21
170103, 19.35,29.96,41.35,98.22,112.37
170100, 19.31,29.95,41.56,97.21,112.54
170107, 19.28,29.95,41.96,97.32,112.54
170104, 19.25,29.95,42.48,95.88,113.04
170201, 19.23,29.95,42.89,95.66,113.20
170208, 19.20,29.95,42.93,95.88,113.20
170205, 19.17,29.95,42.80,96.54,113.04
170202, 19.14,29.95,42.69,97.32,112.70
170209, 19.12,29.95,42.86,96.59,113.04
170206, 19.09,29.95,43.16,96.43,112.70
170203, 19.06,29.95,43.20,96.10,112.37
170200, 19.04,29.95,43.38,95.45,112.70
170207, 19.01,29.95,43.68,95.77,113.20
170304, 18.99,29.95,43.54,95.66,113.37
170301, 18.96,29.95,43.39,96.82,113.70
170308, 18.93,29.95,43.40,96.76,113.20
170305, 18.90,29.95,43.47,97.09,113.20
170302, 18.88,29.95,43.64,97.09,112.87
170309, 18.85,29.95,43.88,96.59,112.37
170306, 18.83,29.95,43.99,96.43,112.54
170303, 18.81,29.95,43.73,97.60,112.87
170400, 18.78,29.95,43.32,98.45,112.37
170407, 18.75,29.96,43.05,99.38,112.21
170404, 18.72,29.95,42.98,99.56,112.87
170401, 18.70,29.95,43.17,98.74,113.37
170408, 18.67,29.95,43.48,98.57,113.53
170405, 18.64,29.95,43.42,99.44,114.20
170402, 18.62,29.95,43.59,98.68,114.36
170409, 18.60,29.95,43.97,98.45,115.03
170406, 18.58,29.94,44.07,99.09,115.44
170503, 18.57,29.94,44.14,98.34,116.11
170500, 18.55,29.94,44.19,98.51,116.94
170507, 18.53,29.94,44.26,98.74,117.27
170504, 18.52,29.94,44.32,98.80,117.60
170501, 18.51,29.94,44.24,98.74,117.93
170508, 18.49,29.94,44.21,99.79,117.43
170505, 18.48,29.94,44.24,99.50,116.94
170502, 18.47,29.94,44.34,99.03,117.93
170600, 18.45,29.93,44.44,98.00,120.01
170607, 18.44,29.92,44.40,98.68,124.82
170604, 18.42,29.90,44.04,100.27,129.72
170601, 18.40,29.88,43.71,101.05,134.63
170608, 18.38,29.87,43.49,102.15,139.28
170605, 18.36,29.85,43.45,102.65,143.69
170602, 18.34,29.83,43.27,104.49,149.02
170609, 18.32,29.81,43.12,104.17,153.77
170606, 18.29,29.80,42.95,103.72,158.51
170703, 18.27,29.78,42.85,104.49,162.26
170700, 18.25,29.78,42.87,104.68,160.93
170707, 18.23,29.79,43.12,104.49,158.51
170704, 18.21,29.80,43.45,104.17,154.77
170701, 18.19,29.81,43.80,103.34,149.85
170702, 18.18,29.83,44.09,101.60,143.53
170706, 18.17,29.86,44.09,101.96,137.70
170703, 18.16,29.88,44.19,102.21,131.97
170800, 18.15,29.89,44.51,101.60,127.23
170807, 18.14,29.91,44.68,100.63,124.49
170804, 18.13,29.92,44.70,100.63,122.83
170801, 18.12,29.92,44.57,102.03,122.17
170808, 18.11,29.92,44.41,101.84,122.17
170805, 18.10,29.92,44.31,102.40,122.33
170802, 18.09,29.92,44.35,103.53,121.67
170809, 18.09,29.92,44.38,102.96,121.17
170806, 18.08,29.92,44.36,104.23,121.00
170903, 18.07,29.92,44.32,103.27,120.84
170900, 18.06,29.92,44.17,104.62,120.67
170907, 18.05,29.93,44.03,105.21,120.51
170904, 18.04,29.93,43.98,105.21,120.84
170901, 18.03,29.92,44.03,104.81,120.67
170902, 18.02,29.92,44.12,104.04,120.84
170906, 18.01,29.92,44.23,104.23,120.67
170903, 18.00,29.93,44.35,104.29,120.51
171000, 17.99,29.93,44.35,104.43,120.51
171007, 17.98,29.93,44.33,104.10,120.51
171014, 17.97,29.93,44.24,105.73,120.67
171021, 17.96,29.92,44.12,105.47,121.00
171028, 17.95,29.92,44.12,105.14,121.17
171035, 17.94,29.92,44.18,106.27,122.17
171042, 17.94,29.92,44.24,106.00,122.00
171049, 17.93,29.92,44.43,104.68,121.83
171056, 17.92,29.92,44.61,104.55,121.34
171103, 17.92,29.92,44.76,105.54,121.34
171110, 17.91,29.92,44.80,104.62,121.17
171117, 17.91,29.92,44.76,104.04,121.17
171124, 17.90,29.92,44.66,105.21,121.50
171131, 17.89,29.92,44.68,105.60,121.50
171138, 17.89,29.92,44.72,105.47,121.34
171145, 17.88,29.92,44.81,105.07,121.50
171152, 17.88,29.92,44.91,104.62,121.67
171159, 17.87,29.92,45.08,104.55,121.34
171206, 17.87,29.92,45.14,104.55,121.17
171213, 17.86,29.92,45.11,105.01,121.50
171220, 17.86,29.92,44.95,104.94,121.34
171227, 17.85,29.92,44.85,105.07,120.84
171234, 17.85,29.92,44.93,104.62,121.17
171241, 17.84,29.93,45.17,103.72,120.17
171248, 17.84,29.93,45.30,104.29,119.18
171255, 17.83,29.93,45.37,104.10,118.93
171302, 17.83,29.93,45.49,103.78,118.60
171309, 17.82,29.93,45.56,103.46,118.60
171316, 17.82,29.93,45.49,104.10,118.60
171323, 17.82,29.93,45.45,103.65,118.76
171330, 17.81,29.93,45.45,104.04,118.26
171337, 17.81,29.93,45.47,104.88,119.09
171344, 17.81,29.93,45.47,104.55,118.93
171351, 17.81,29.93,45.48,105.01,119.34
171358, 17.80,29.93,45.56,104.43,119.68
171405, 17.80,29.93,45.63,105.01,120.34
171412, 17.80,29.93,45.72,104.23,120.51
171419, 17.80,29.93,45.84,103.34,120.51
171426, 17.80,29.92,45.82,103.85,121.00
171433, 17.79,29.92,45.70,104.36,122.00
171440, 17.79,29.92,45.51,104.17,125.16
171447, 17.78,29.91,45.43,105.01,127.23
171454, 17.78,29.90,45.51,104.43,128.73
171501, 17.77,29.90,45.61,104.62,127.40
171508, 17.77,29.91,45.64,104.43,124.49
171515, 17.77,29.92,45.75,105.01,123.33
171522, 17.76,29.92,45.86,104.68,123.49
171529, 17.76,29.92,45.67,105.60,123.33
171536, 17.75,29.92,45.54,104.94,123.16
171543, 17.74,29.92,45.72,105.01,122.66
171550, 17.74,29.92,45.86,105.67,123.00
171557, 17.73,29.92,45.97,104.68,122.83
171604, 17.73,29.92,45.97,105.27,122.50
171611, 17.72,29.92,45.91,105.87,124.49
171618, 17.72,29.91,45.68,107.01,127.40
171625, 17.71,29.89,45.48,107.14,130.56
171632, 17.70,29.89,45.46,106.80,132.63
171639, 17.69,29.88,45.83,105.67,131.64
171646, 17.69,29.89,46.10,106.00,129.06
171653, 17.68,29.90,46.26,105.67,127.90
171700, 17.68,29.90,46.16,105.80,128.56
171707, 17.68,29.90,46.11,105.47,128.89
171714, 17.67,29.89,46.21,105.47,129.39
171721, 17.67,29.89,46.27,105.80,130.39
171728, 17.66,29.89,46.09,106.07,131.64
171735, 17.66,29.88,45.87,105.93,133.46
171742, 17.65,29.88,45.75,106.60,134.63
171749, 17.64,29.88,45.74,106.47,134.63
171756, 17.64,29.87,45.90,107.14,134.46
171803, 17.64,29.88,46.19,105.67,133.63
171810, 17.64,29.88,46.49,104.49,132.63
171817, 17.64,29.88,46.78,103.27,131.80
171824, 17.64,29.89,47.00,103.53,131.47
171831, 17.64,29.88,47.01,103.21,132.47
171838, 17.63,29.88,46.79,103.78,133.30
171845, 17.63,29.88,46.60,104.68,133.63
171852, 17.63,29.88,46.43,104.17,132.80
171859, 17.62,29.88,46.52,104.55,132.80
171906, 17.62,29.88,46.53,104.23,131.97
171913, 17.62,29.89,46.54,103.34,130.89
171920, 17.61,29.89,46.60,103.59,129.72
171927, 17.61,29.90,46.63,103.78,128.56
171934, 17.61,29.90,46.55,103.65,126.65
171941, 17.60,29.91,46.48,103.27,124.82
171948, 17.60,29.91,46.58,102.83,124.99
171955, 17.60,29.91,46.56,103.53,124.82
172002, 17.59,29.91,46.48,102.40,124.82
172009, 17.59,29.91,46.56,101.53,124.66
172016, 17.59,29.91,46.64,101.90,124.99
172023, 17.59,29.91,46.55,101.96,125.65
172030, 17.58,29.91,46.42,101.90,126.65
172037, 17.58,29.90,46.41,100.75,129.06
172044, 17.58,29.89,46.50,99.26,130.72
172051, 17.58,29.89,46.62,99.32,131.47
172058, 17.58,29.88,46.64,98.68,131.80
172105, 17.58,29.89,46.70,98.17,131.39
172112, 17.58,29.89,46.82,96.93,131.05
172119, 17.58,29.89,46.91,96.26,128.06
172126, 17.58,29.90,47.10,94.59,126.65
172133, 17.58,29.91,47.36,95.21,125.65
172140, 17.58,29.91,47.44,94.22,126.15
172147, 17.58,29.91,47.45,94.06,125.49
172154, 17.58,29.91,47.44,95.10,124.82
172201, 17.59,29.91,47.54,95.21,124.66
172208, 17.59,29.91,47.56,94.43,124.99
172215, 17.59,29.91,47.47,95.07,124.82
172222, 17.59,29.91,47.31,96.32,125.32
172229, 17.59,29.91,47.12,96.82,125.82
172236, 17.59,29.91,47.10,96.15,125.32
172243, 17.59,29.91,47.21,94.75,124.33
172250, 17.59,29.91,47.33,94.80,124.82
172257, 17.59,29.91,47.40,95.93,124.99
172304, 17.59,29.91,47.36,96.98,126.82
172311, 17.59,29.90,47.22,97.32,126.48
172318, 17.59,29.91,47.17,98.22,125.49
172325, 17.59,29.91,47.20,97.43,124.66
172332, 17.60,29.91,47.31,96.98,124.49
172339, 17.60,29.91,47.31,98.00,124.49
172346, 17.60,29.91,47.24,98.00,123.33
172353, 17.59,29.92,47.32,96.87,123.16
172400, 17.60,29.92,47.43,97.21,122.83
172407, 17.60,29.92,47.42,97.60,122.66
172414, 17.60,29.92,47.37,98.57,122.66
172421, 17.60,29.92,47.28,99.09,123.16
172428, 17.60,29.92,47.12,100.63,123.33
172435, 17.59,29.92,47.00,100.87,123.16
172442, 17.59,29.91,47.01,101.23,125.65
172449, 17.59,29.90,47.00,101.41,127.90
172456, 17.59,29.90,46.97,101.11,128.40
172503, 17.59,29.90,47.03,101.47,126.15
172510, 17.59,29.91,47.13,101.05,123.66
172517, 17.59,29.92,47.21,100.03,121.83
172524, 17.59,29.92,47.30,100.45,121.34
172531, 17.59,29.92,47.28,100.99,121.17
172538, 17.59,29.93,47.26,100.39,120.01
172545, 17.59,29.93,47.23,101.05,119.34
172552, 17.59,29.93,47.18,101.41,119.34
172559, 17.59,29.93,47.16,101.17,118.93
172606, 17.59,29.93,47.12,102.52,118.93
172613, 17.59,29.93,46.97,102.96,118.60
172620, 17.59,29.93,46.96,102.52,118.60
172627, 17.59,29.93,47.00,102.46,118.93
172634, 17.59,29.93,47.04,102.21,119.51
172641, 17.59,29.93,47.03,102.40,118.93
172648, 17.59,29.93,47.03,102.46,118.76
172655, 17.59,29.93,47.00,102.52,118.93
172702, 17.59,29.93,47.03,102.71,118.60
172709, 17.59,29.93,47.12,102.77,118.60
172716, 17.59,29.93,47.18,102.09,118.93
172723, 17.59,29.93,47.24,102.52,119.68
172730, 17.59,29.93,47.22,102.46,119.34
172737, 17.59,29.93,47.24,102.15,118.60
172744, 17.60,29.93,47.36,101.66,118.60
172751, 17.60,29.93,47.46,101.41,118.93
172758, 17.60,29.93,47.47,101.60,119.18
172805, 17.60,29.93,47.34,102.27,119.18
172812, 17.60,29.93,47.30,102.46,119.34
172819, 17.61,29.93,47.34,101.96,119.34
172826, 17.61,29.93,47.39,102.15,121.00
172833, 17.61,29.92,47.21,102.52,124.49
172840, 17.61,29.91,47.11,103.40,126.82
172847, 17.61,29.90,47.11,102.77,127.40
172854, 17.61,29.90,47.23,102.52,126.90
172901, 17.61,29.90,47.57,101.72,126.65
172908, 17.61,29.90,47.79,101.90,127.23
172915, 17.62,29.90,47.74,101.53,129.39
172922, 17.62,29.89,47.65,102.27,129.72
172929, 17.62,29.90,47.56,101.96,127.23
172936, 17.63,29.91,47.48,102.21,125.32
172943, 17.63,29.91,47.42,102.15,124.99
172950, 17.63,29.92,47.26,102.58,123.00
172957, 17.63,29.92,47.20,101.96,122.33
173004, 17.63,29.92,47.33,101.78,122.00
173011, 17.63,29.92,47.63,101.90,121.83
173018, 17.63,29.92,47.86,100.33,121.67
173025, 17.63,29.92,48.15,99.73,120.84
173032, 17.64,29.92,48.22,99.73,120.51
173039, 17.64,29.93,48.08,100.09,120.01
173046, 17.64,29.93,48.02,100.21,120.67
173053, 17.64,29.93,48.04,99.68,120.34
173100, 17.65,29.93,48.08,99.85,120.34
173107, 17.65,29.93,48.06,99.38,120.01
173114, 17.65,29.93,48.10,99.03,119.84
173121, 17.66,29.93,47.98,99.62,119.68
173128, 17.66,29.93,47.80,99.73,120.84
173135, 17.66,29.92,47.56,100.33,123.49
173142, 17.66,29.91,47.31,100.09,126.65
173149, 17.66,29.90,47.22,100.75,128.40
173156, 17.66,29.90,47.16,101.66,127.23
173203, 17.66,29.91,47.35,100.45,125.49
173210, 17.66,29.91,47.66,99.62,125.82
173217, 17.67,29.90,48.00,99.26,127.23
173224, 17.67,29.90,48.13,98.97,128.56
173231, 17.68,29.89,48.04,99.38,129.23
173238, 17.68,29.89,48.03,98.97,129.89
173245, 17.68,29.89,48.09,99.56,130.22
173252, 17.68,29.89,48.06,99.68,130.56
173259, 17.69,29.89,47.93,99.50,129.89
173306, 17.69,29.89,47.81,99.38,130.22
173313, 17.69,29.89,47.73,100.15,131.47
173320, 17.69,29.89,47.62,100.69,130.56
173327, 17.70,29.90,47.58,100.39,126.48
173334, 17.70,29.91,47.75,100.39,123.00
173341, 17.70,29.92,48.07,98.92,121.17
173348, 17.71,29.92,48.38,97.83,121.17
173355, 17.71,29.92,48.56,97.83,121.50
173402, 17.72,29.92,48.83,96.87,122.00
173409, 17.72,29.92,48.96,96.98,122.17
173416, 17.73,29.92,48.80,97.54,122.33
173423, 17.73,29.92,48.89,97.15,122.33
173430, 17.73,29.92,49.18,97.04,122.50
173437, 17.74,29.92,49.44,96.59,122.83
173444, 17.74,29.92,49.37,96.87,123.16
173451, 17.75,29.92,49.20,97.66,123.00
173458, 17.75,29.92,49.19,97.43,123.16
173505, 17.75,29.92,49.42,96.43,123.16
173512, 17.76,29.92,49.53,96.21,123.33
173519, 17.76,29.92,49.42,96.59,123.00
173526, 17.76,29.92,49.25,96.93,122.50
173533, 17.77,29.92,49.18,96.71,122.00
173540, 17.77,29.92,49.29,96.10,121.67
173547, 17.77,29.92,49.43,96.21,122.00
173554, 17.78,29.92,49.60,96.04,121.83
173601, 17.78,29.92,49.56,96.43,121.67
173608, 17.78,29.92,49.48,96.43,121.34
173615, 17.79,29.92,49.56,95.72,121.34
173622, 17.79,29.92,49.63,95.83,121.34
173629, 17.80,29.92,49.57,96.54,121.34
173636, 17.80,29.92,49.48,96.37,121.34
173643, 17.81,29.92,49.52,96.21,121.17
173650, 17.81,29.92,49.56,96.32,121.00
173657, 17.81,29.92,49.50,96.37,120.84
173704, 17.81,29.92,49.40,96.54,121.00
173711, 17.82,29.92,49.48,96.15,121.17
173718, 17.82,29.92,49.79,96.21,121.00
173725, 17.83,29.92,49.81,96.37,121.17
173732, 17.84,29.92,49.69,96.37,121.17
173739, 17.84,29.92,49.63,96.37,121.50
173746, 17.85,29.92,49.65,96.43,121.50
173753, 17.85,29.92,49.62,96.54,122.00
173800, 17.86,29.92,49.67,96.71,122.17
173807, 17.86,29.92,49.79,95.34,122.33
173814, 17.87,29.92,49.94,95.77,122.33
173821, 17.88,29.92,49.96,96.21,122.66
173828, 17.88,29.92,49.94,95.61,122.66
173835, 17.89,29.92,50.04,95.39,122.17
173842, 17.89,29.92,50.23,94.49,120.67
173849, 17.90,29.93,50.48,94.38,119.68
173856, 17.90,29.93,50.62,94.22,119.34
173903, 17.91,29.93,50.85,94.12,119.34
173910, 17.91,29.93,51.03,95.10,119.34
173917, 17.92,29.93,51.05,95.10,119.18
173924, 17.93,29.93,50.98,94.89,119.18
173931, 17.93,29.93,50.96,94.36,119.18
173938, 17.93,29.93,50.87,94.68,119.09
173945, 17.94,29.93,50.93,94.36,119.18
173952, 17.94,29.93,51.02,94.68,119.18
173959, 17.94,29.93,51.15,93.94,119.68
174006, 17.95,29.93,51.11,93.94,121.17
174013, 17.96,29.92,51.08,94.25,122.33
174020, 17.97,29.92,51.03,95.21,123.00
174027, 17.98,29.92,50.75,95.21,123.00
174034, 17.99,29.92,50.51,94.06,123.33
174041, 17.99,29.92,50.45,94.12,123.33
174048, 18.00,29.92,50.47,94.54,123.33
174055, 18.00,29.92,50.41,94.96,123.33
174102, 18.01,29.91,50.28,94.33,123.66
174109, 18.01,29.91,50.22,94.43,124.49
174116, 18.02,29.91,50.20,94.33,124.66
174123, 18.02,29.91,50.23,94.49,124.82
174130, 18.03,29.91,50.29,94.27,124.66
174137, 18.03,29.91,50.41,93.96,124.49
174144, 18.04,29.91,50.54,95.32,124.49
174151, 18.04,29.91,50.85,94.89,124.82
174158, 18.05,29.91,50.97,94.78,125.65
174205, 18.05,29.91,50.70,94.17,124.66
174212, 18.04,29.91,50.56,94.06,124.33
174219, 18.04,29.91,50.26,93.91,124.49
174226, 18.04,29.91,50.11,94.54,124.49
174233, 18.04,29.91,50.06,94.59,124.49
174240, 18.03,29.91,50.21,95.32,123.33
174247, 18.03,29.92,50.46,93.65,122.83
174254, 18.04,29.92,50.50,94.46,122.33
174301, 18.04,29.92,50.64,94.46,121.67
174308, 18.04,29.92,50.79,93.73,121.67
174315, 18.04,29.92,50.84,94.15,121.67
174322, 18.04,29.92,50.79,94.25,121.50
174329, 18.05,29.92,50.81,93.52,121.50
174336, 18.05,29.92,50.78,93.62,121.50
174343, 18.06,29.92,50.80,93.83,121.67
174350, 18.07,29.92,50.97,93.21,121.67
174357, 18.07,29.92,51.16,93.32,121.00
174404, 18.09,29.92,51.52,92.39,121.34
174411, 18.10,29.92,52.29,91.20,121.17
174418, 18.10,29.92,52.56,91.89,121.34
174425, 18.07,29.92,52.08,92.09,121.67
174432, 18.06,29.92,51.56,93.21,121.67
174439, 18.06,29.92,50.88,94.15,121.50
174446, 18.13,29.92,50.37,94.22,121.17
174453, 18.27,29.92,50.85,94.01,121.34
174500, 18.44,29.92,50.48,95.21,121.34
174507, 18.67,29.92,50.79,94.36,121.34
174514, 18.97,29.92,52.17,91.69,120.84
174521, 19.32,29.92,51.98,91.39,120.17
174528, 19.68,29.93,50.41,91.29,120.67
174535, 19.96,29.93,49.37,90.51,120.84
174542, 20.20,29.92,49.98,88.89,120.84
174549, 20.44,29.92,50.16,88.80,120.84
174556, 20.73,29.93,48.81,88.98,120.84
174603, 20.99,29.92,47.75,88.80,120.67
174610, 21.26,29.92,45.91,89.84,120.84
174617, 21.51,29.92,43.64,92.09,120.84
174624, 21.73,29.92,40.38,95.10,121.17
174631, 21.90,29.92,38.86,94.91,121.17
174638, 22.03,29.92,39.18,94.17,121.17
174645, 22.07,29.92,38.35,94.70,121.50
174652, 21.99,29.92,38.12,95.61,121.67
174659, 21.80,29.92,37.62,97.66,121.67
174706, 21.55,29.92,37.85,98.00,121.83
174713, 21.18,29.92,38.05,100.33,121.83
174720, 20.78,29.92,38.15,101.47,121.83
174727, 20.34,29.92,38.68,103.02,122.00
174734, 19.87,29.92,39.28,103.91,122.00
174741, 19.49,29.92,40.17,103.59,122.17
174748, 19.23,29.92,41.07,103.02,121.83
174755, 19.05,29.92,42.07,102.77,122.00
174802, 18.92,29.92,42.98,102.15,122.50
174809, 18.80,29.92,43.16,102.77,122.66
174816, 18.64,29.92,42.99,103.65,122.66
174823, 18.44,29.92,43.13,104.36,122.66
174830, 18.23,29.92,43.48,104.68,122.50
174837, 18.04,29.92,43.91,104.88,122.50
174844, 17.89,29.92,44.31,103.97,122.50
174851, 17.80,29.92,44.70,103.78,122.66
174858, 17.73,29.92,45.00,104.17,122.66
174905, 17.67,29.92,45.16,104.04,122.83
174912, 17.63,29.92,45.16,103.72,122.83
174919, 17.61,29.92,45.49,103.46,122.83
174926, 17.61,29.92,45.87,102.77,122.83
174933, 17.62,29.92,45.95,102.96,122.66
174940, 17.63,29.92,46.29,102.96,122.50
174947, 17.65,29.92,46.26,101.47,122.50
174954, 17.67,29.92,46.57,101.05,122.50
175001, 17.68,29.92,46.78,100.93,122.50
175008, 17.68,29.92,46.52,101.05,122.66
175015, 17.68,29.92,46.38,101.90,122.50
175022, 17.66,29.92,46.46,101.96,122.50
175029, 17.63,29.92,46.26,102.52,122.66
175036, 17.60,29.92,46.20,102.27,122.66
175043, 17.58,29.92,46.45,102.15,122.50
175050, 17.57,29.92,46.88,101.66,122.17
175057, 17.61,29.92,47.47,100.51,122.17
175104, 17.75,29.92,48.75,99.26,121.67
175111, 17.98,29.92,48.89,98.57,121.67
175118, 18.22,29.92,47.59,98.68,122.00
175125, 18.45,29.92,47.62,97.94,122.00
175132, 18.73,29.92,47.63,97.43,121.50
175139, 19.03,29.92,47.38,96.26,121.34
175146, 19.34,29.92,46.73,96.43,120.67
175153, 19.65,29.92,45.63,95.61,121.17
175200, 19.82,29.92,44.39,96.43,121.50
175207, 19.76,29.92,43.27,97.66,122.17
175214, 19.53,29.92,42.78,99.56,122.33
175221, 19.28,29.92,43.19,98.51,122.66
175228, 19.06,29.92,43.75,99.38,122.66
175235, 18.85,29.92,43.78,99.97,122.33
175242, 18.70,29.92,44.21,100.03,122.33
175249, 18.56,29.92,44.20,101.47,122.33
175256, 18.38,29.92,44.03,102.65,122.33
175303, 18.06,29.92,44.25,103.85,122.00
175310, 17.64,29.92,45.38,103.53,122.33
175317, 17.33,29.92,47.85,100.99,122.00
175324, 17.15,29.92,49.26,100.51,121.83
175331, 17.04,29.92,49.14,100.93,122.00
175338, 16.96,29.92,48.82,101.53,121.83
175345, 16.91,29.92,48.54,101.90,121.83
175352, 16.88,29.92,48.64,101.53,121.67
175359, 16.85,29.92,49.02,101.84,121.34
175406, 16.82,29.92,49.07,101.96,121.34
175413, 16.79,29.92,49.01,101.23,121.17
175420, 16.77,29.92,49.24,101.47,121.17
175427, 16.76,29.92,49.08,102.33,121.17
175434, 16.76,29.92,49.15,102.21,121.67
175441, 16.74,29.92,49.18,101.96,121.67
175448, 16.72,29.92,48.60,103.15,121.50
175455, 16.70,29.92,48.61,103.02,121.83
175502, 16.70,29.92,48.89,103.53,122.00
175509, 16.70,29.92,49.14,103.21,122.17
175516, 16.69,29.92,48.97,103.91,122.33
175523, 16.65,29.92,48.42,104.43,122.33
175530, 16.61,29.92,48.39,105.21,122.33
175537, 16.59,29.92,48.71,104.36,122.17
175544, 16.64,29.93,50.15,104.04,120.17
175551, 16.77,29.93,50.95,100.09,121.00
175558, 16.93,29.92,51.30,98.68,121.67
175605, 17.08,29.92,50.79,97.83,121.83
175612, 17.22,29.92,50.53,97.54,122.00
175619, 17.35,29.92,50.60,96.93,121.67
175626, 17.52,29.92,50.74,95.83,121.83
175633, 17.73,29.92,51.01,95.12,121.67
175640, 17.97,29.92,51.08,95.00,121.50
175647, 18.19,29.92,49.75,93.85,121.67
175654, 18.37,29.92,48.60,94.91,121.83
175701, 18.48,29.92,47.35,96.32,121.67
175708, 18.52,29.92,46.85,96.48,121.83
175715, 18.48,29.92,46.69,97.49,122.00
175722, 18.44,29.92,46.38,95.23,122.33
175729, 18.43,29.92,47.20,94.25,122.50
175736, 18.43,29.92,47.69,93.52,122.66
175743, 18.45,29.92,47.98,91.49,122.66
175750, 18.47,29.92,48.51,90.42,122.83
175757, 18.50,29.92,48.82,88.52,124.82
175804, 18.52,29.91,48.94,87.96,126.90
175811, 18.55,29.90,49.04,87.24,128.89
175818, 18.57,29.89,49.22,85.64,130.22
175825, 18.60,29.89,49.59,84.11,130.89
175832, 18.65,29.89,50.31,82.54,131.39
175839, 18.69,29.89,50.75,81.27,131.39
175846, 18.73,29.89,50.99,80.42,131.39
175853, 18.77,29.89,51.15,79.58,131.47
175900, 18.82,29.89,51.30,79.06,131.47
175907, 18.87,29.89,51.53,78.55,131.47
175914, 18.92,29.89,51.69,78.18,131.64
175921, 18.99,29.89,51.76,77.75,131.47
175928, 19.05,29.89,51.73,77.46,131.47
175935, 19.11,29.89,51.68,76.97,131.39
175942, 19.16,29.89,51.65,77.39,131.39
175949, 19.21,29.89,51.58,77.11,131.64
175956, 19.25,29.89,51.56,76.76,131.47
180003, 19.30,29.89,51.54,76.62,131.64
180000, 19.34,29.89,51.50,76.62,131.39
180007, 19.38,29.89,51.41,76.14,131.39
180004, 19.43,29.89,51.35,76.21,131.39
180001, 19.49,29.89,51.25,76.28,131.47
180008, 19.55,29.89,51.16,76.34,130.89
180005, 19.61,29.89,50.99,76.00,130.72
180002, 19.66,29.89,50.90,76.62,130.72
180009, 19.70,29.89,50.86,75.73,130.22
180106, 19.75,29.89,51.18,75.39,130.39
180103, 19.79,29.89,51.09,75.25,130.39
180100, 19.82,29.89,50.89,75.12,130.39
180107, 19.85,29.89,50.72,75.12,130.22
180104, 19.88,29.89,50.57,75.46,130.39
180101, 19.90,29.89,50.48,75.25,130.39
180108, 19.93,29.89,50.38,75.25,130.39
180105, 19.96,29.89,50.22,75.39,130.39
180202, 19.99,29.89,50.06,75.52,130.22
180209, 20.01,29.89,49.92,75.25,130.22
180206, 20.03,29.89,49.80,75.32,130.22
180203, 20.06,29.89,49.70,75.59,130.22
180200, 20.08,29.89,49.59,75.32,130.22
180207, 20.10,29.89,49.53,75.39,130.22
180204, 20.12,29.89,49.45,75.25,130.22
180201, 20.14,29.89,49.42,75.25,130.06
180208, 20.16,29.89,49.37,75.05,130.06
180305, 20.17,29.89,49.31,75.19,130.06
180302, 20.19,29.89,49.27,75.32,130.06
180309, 20.21,29.89,49.24,75.39,129.89
180306, 20.23,29.89,49.21,75.19,129.89
180303, 20.25,29.89,49.19,75.12,130.06
180300, 20.27,29.89,49.17,74.99,129.72
180307, 20.29,29.89,49.17,75.19,129.72
180304, 20.31,29.89,49.14,75.12,129.89
180401, 20.33,29.89,49.11,75.39,129.89
180408, 20.34,29.89,49.06,75.05,130.06
180405, 20.36,29.89,49.01,75.39,130.06
180402, 20.38,29.89,48.95,75.05,130.06
180409, 20.40,29.89,48.90,74.99,130.06
180406, 20.42,29.89,48.86,75.05,129.89
180403, 20.43,29.89,48.89,75.05,129.72
180400, 20.45,29.89,48.93,74.79,129.72
180407, 20.47,29.89,48.89,74.59,129.72
180504, 20.48,29.89,48.87,74.92,129.89
180501, 20.50,29.89,48.81,75.05,129.89
180508, 20.52,29.89,48.76,75.05,129.72
180505, 20.53,29.89,48.72,74.72,129.72
180502, 20.55,29.89,48.71,75.12,129.72
180509, 20.56,29.89,48.67,74.85,129.39
180506, 20.58,29.89,48.62,74.52,129.39
180503, 20.59,29.89,48.54,75.12,129.72
180600, 20.61,29.89,48.53,75.05,129.72
180607, 20.62,29.89,48.47,74.79,129.72
180604, 20.64,29.89,48.47,74.99,129.56
180601, 20.65,29.89,48.43,74.79,129.72
180608, 20.66,29.89,48.40,74.79,129.72
180605, 20.68,29.89,48.34,74.72,129.89
180602, 20.69,29.89,48.28,75.05,129.89
180609, 20.71,29.89,48.21,74.92,129.89
180606, 20.72,29.89,48.15,74.72,129.72
180703, 20.73,29.89,48.09,75.05,129.72
180700, 20.74,29.89,48.07,75.46,129.72
180707, 20.76,29.89,48.03,74.92,129.56
180704, 20.77,29.89,47.99,75.46,129.72
180701, 20.78,29.89,47.94,75.66,129.56
180708, 20.79,29.89,47.89,75.12,129.39
180705, 20.80,29.89,47.90,74.85,129.56
180702, 20.81,29.89,47.86,75.19,129.56
180709, 20.83,29.89,47.85,75.19,129.56
180806, 20.84,29.89,47.82,75.39,129.56
180803, 20.85,29.89,47.84,74.85,129.89
180800, 20.86,29.89,47.90,74.92,129.72
180807, 20.87,29.89,47.91,74.92,129.56
180804, 20.89,29.89,47.95,74.72,129.72
180801, 20.90,29.89,48.03,74.52,129.72
180808, 20.91,29.89,48.02,74.85,129.56
180805, 20.93,29.89,47.99,74.79,129.56
180902, 20.94,29.89,47.94,74.59,129.72
180909, 20.95,29.89,47.88,74.52,129.56
180906, 20.96,29.89,47.84,74.65,129.72
180903, 20.97,29.89,47.78,74.33,129.56
180900, 20.98,29.89,47.75,74.52,129.56
180907, 21.00,29.89,47.71,74.72,129.56
180904, 21.01,29.89,47.69,74.52,129.39
180901, 21.02,29.89,47.67,74.65,129.39
180908, 21.03,29.89,47.65,74.59,129.39
181005, 21.04,29.89,47.65,74.85,129.39
181012, 21.05,29.89,47.62,74.39,129.39
181019, 21.06,29.89,47.59,75.05,129.39
181026, 21.07,29.89,47.54,75.05,129.23
181033, 21.08,29.89,47.51,74.85,129.39
181040, 21.09,29.89,47.51,75.05,129.23
181047, 21.10,29.89,47.49,74.72,129.39
181054, 21.11,29.89,47.46,74.79,129.23
181101, 21.12,29.89,47.43,74.72,129.39
181108, 21.13,29.90,47.40,74.85,129.23
181115, 21.14,29.90,47.38,74.79,129.23
181122, 21.15,29.90,47.34,74.92,129.23
181129, 21.16,29.90,47.32,75.05,129.23
181136, 21.17,29.90,47.29,74.85,128.89
181143, 21.18,29.90,47.28,74.85,129.06
181150, 21.18,29.90,47.33,74.92,128.89
181157, 21.19,29.90,47.40,74.52,129.06
181204, 21.20,29.90,47.42,74.52,128.89
181211, 21.21,29.90,47.52,74.59,129.06
181218, 21.23,29.90,47.62,74.46,128.89
181225, 21.24,29.90,47.71,74.33,128.89
181232, 21.25,29.90,47.76,74.33,128.89
181239, 21.26,29.90,47.81,74.19,128.73
181246, 21.28,29.90,47.87,74.19,128.89
181253, 21.29,29.90,47.87,73.81,129.06
181300, 21.30,29.90,47.90,73.74,129.06
181307, 21.32,29.90,47.96,73.81,128.56
181314, 21.33,29.90,48.02,73.74,128.73
181321, 21.34,29.90,48.08,73.61,128.73
181328, 21.36,29.90,48.14,73.55,128.73
181335, 21.37,29.90,48.19,73.61,128.56
181342, 21.39,29.90,48.26,73.29,128.56
181349, 21.41,29.90,48.27,73.29,128.73
181356, 21.42,29.90,48.26,73.29,128.56
181403, 21.43,29.90,48.25,73.04,128.56
181410, 21.45,29.90,48.19,73.29,128.23
181417, 21.46,29.90,48.08,73.29,128.40
181424, 21.47,29.90,47.99,73.55,128.40
181431, 21.49,29.90,47.91,73.49,128.40
181438, 21.50,29.90,47.85,73.36,128.56
181445, 21.51,29.90,47.81,73.36,128.40
181452, 21.52,29.90,47.79,73.36,128.56
181459, 21.53,29.90,47.74,73.17,128.56
181506, 21.54,29.90,47.69,73.68,128.40
181513, 21.56,29.90,47.69,73.17,128.40
181520, 21.57,29.90,47.69,73.29,128.40
181527, 21.58,29.90,47.68,73.36,128.56
181534, 21.59,29.90,47.66,73.23,128.40
181541, 21.60,29.90,47.64,73.61,128.73
181548, 21.61,29.90,47.63,73.23,128.40
181555, 21.62,29.90,47.61,73.42,128.23
181602, 21.63,29.90,47.61,73.61,128.40
181609, 21.64,29.90,47.53,73.23,128.40
181616, 21.65,29.90,47.53,73.29,128.40
181623, 21.66,29.90,47.52,73.04,128.40
181630, 21.67,29.90,47.51,73.17,128.23
181637, 21.68,29.90,47.49,73.29,128.23
181644, 21.69,29.90,47.45,73.42,128.40
181651, 21.70,29.90,47.43,73.36,128.40
181658, 21.72,29.90,47.44,73.42,128.56
181705, 21.73,29.90,47.42,73.42,128.56
181712, 21.74,29.90,47.31,73.42,128.40
181719, 21.75,29.90,47.17,73.29,128.56
181726, 21.76,29.90,47.03,73.81,128.23
181733, 21.77,29.90,46.87,73.81,128.23
181740, 21.78,29.90,46.75,73.93,128.23
181747, 21.79,29.90,46.61,73.93,128.40
181754, 21.80,29.90,46.50,74.07,128.56
181801, 21.80,29.90,46.42,74.33,128.56
181808, 21.81,29.90,46.37,74.13,128.73
181815, 21.82,29.90,46.32,74.52,128.73
181822, 21.83,29.90,46.25,74.39,128.73
181830, 21.84,29.90,46.18,73.87,128.56
181837, 21.85,29.90,46.13,74.19,128.56
181844, 21.86,29.90,46.10,74.39,128.40
181851, 21.87,29.90,46.06,74.52,128.56
181858, 21.88,29.90,46.01,74.52,128.40
181905, 21.89,29.90,46.00,74.33,128.56
181912, 21.89,29.90,45.95,74.26,128.23
181919, 21.90,29.90,45.88,74.19,128.40
181926, 21.91,29.90,45.83,74.92,128.23
181933, 21.92,29.90,45.76,74.65,128.56
181940, 21.93,29.90,45.69,74.59,128.56
181947, 21.94,29.90,45.64,74.72,128.73
181954, 21.95,29.90,45.60,74.65,128.73
182001, 21.96,29.90,45.56,75.25,128.73
182008, 21.97,29.90,45.55,74.72,128.73
182015, 21.98,29.90,45.54,74.72,128.89
182022, 21.99,29.90,45.51,74.79,128.73
182029, 22.00,29.90,45.49,75.05,128.89
182036, 22.01,29.90,45.44,74.65,128.89
182043, 22.02,29.90,45.40,75.05,129.06
182050, 22.03,29.90,45.39,74.92,128.73
182057, 22.04,29.90,45.38,75.19,129.06
182104, 22.05,29.90,45.74,74.52,128.89
182111, 22.07,29.90,45.95,74.39,128.89
182118, 22.09,29.90,46.12,74.19,128.89
182125, 22.11,29.90,46.30,73.74,128.89
182132, 22.13,29.90,46.40,73.61,129.06
182139, 22.15,29.89,46.44,73.81,129.23
182146, 22.17,29.90,46.40,73.49,129.23
182153, 22.20,29.90,46.33,73.49,129.23
182200, 22.22,29.90,46.18,73.49,129.06
182207, 22.24,29.90,46.02,73.55,129.23
182214, 22.25,29.90,45.94,74.00,129.23
182221, 22.27,29.89,46.07,73.61,129.23
182228, 22.29,29.89,46.03,73.81,129.39
182235, 22.31,29.89,45.94,73.55,129.23
182242, 22.33,29.90,45.81,73.29,129.39
182249, 22.35,29.90,45.69,73.68,129.06
182256, 22.36,29.90,45.60,73.55,128.89
182303, 22.38,29.90,45.59,73.55,129.06
182310, 22.40,29.90,45.56,73.68,128.89
182317, 22.41,29.90,45.51,73.87,128.89
182324, 22.43,29.90,45.52,73.81,129.23
182331, 22.45,29.89,45.46,73.55,129.39
182338, 22.47,29.90,45.43,73.74,129.39
182345, 22.49,29.90,45.59,73.42,129.39
182352, 22.51,29.90,45.80,73.49,129.06
182359, 22.53,29.89,45.96,73.23,129.06
182406, 22.55,29.89,46.09,73.10,129.23
182413, 22.57,29.89,46.10,72.85,129.23
182420, 22.60,29.89,46.07,72.98,129.39
182427, 22.62,29.90,46.06,72.54,129.23
182434, 22.64,29.90,46.03,72.54,129.06
182441, 22.67,29.90,45.94,72.85,129.06
182448, 22.69,29.89,45.87,72.41,129.06
182455, 22.71,29.89,45.73,73.55,129.23
182502, 22.72,29.89,45.36,73.23,129.23
182509, 22.74,29.89,45.24,72.79,129.23
182516, 22.76,29.89,45.90,72.72,129.39
182523, 22.79,29.89,46.60,72.41,129.23
182530, 22.82,29.89,47.10,71.49,129.23
182537, 22.85,29.89,47.44,71.43,129.06
182544, 22.88,29.89,47.64,70.48,129.39
182551, 22.91,29.89,47.74,70.24,129.23
182558, 22.95,29.89,47.84,70.48,129.06
182605, 22.98,29.89,47.89,70.30,129.39
182612, 23.01,29.89,47.23,70.71,129.39
182619, 23.02,29.89,46.31,71.80,129.23
182626, 23.03,29.89,45.55,72.54,129.39
182633, 23.03,29.89,45.02,72.66,129.56
182640, 23.03,29.89,44.61,73.04,129.39
182647, 23.03,29.89,44.33,73.55,129.39
182654, 23.02,29.89,44.10,72.91,129.23
182701, 23.02,29.89,43.90,74.19,129.39
182708, 23.01,29.89,43.76,73.68,129.39
182715, 23.01,29.89,43.64,74.33,129.23
182722, 23.00,29.89,43.57,74.52,129.39
182729, 22.99,29.89,43.51,73.93,129.23
182736, 22.99,29.89,43.44,74.39,129.23
182743, 22.98,29.89,43.33,75.12,129.23
182750, 22.97,29.89,43.25,74.99,129.39
182757, 22.97,29.89,43.22,74.99,129.39
182804, 22.96,29.89,43.18,75.46,129.56
182811, 22.95,29.89,43.13,74.39,129.56
182818, 22.95,29.89,43.06,74.59,129.56
182825, 22.94,29.89,43.03,74.65,129.89
182832, 22.93,29.89,43.06,74.85,129.89
182839, 22.93,29.89,43.09,75.79,129.72
182846, 22.93,29.89,43.08,76.41,129.72
182853, 22.92,29.89,43.06,75.93,129.56
182900, 22.92,29.89,43.08,74.72,129.89
182907, 22.92,29.89,43.05,76.21,129.72
182914, 22.91,29.89,43.02,75.19,129.89
182921, 22.91,29.89,43.04,74.92,129.89
182928, 22.91,29.89,43.10,75.66,129.72
182935, 22.91,29.89,43.19,74.72,129.72
182942, 22.91,29.89,43.23,74.92,129.72
182949, 22.91,29.89,43.24,75.12,129.72
182956, 22.92,29.89,43.25,74.85,129.72
183003, 22.92,29.89,43.24,74.99,129.89
183010, 22.92,29.89,43.26,76.07,129.72
183017, 22.92,29.89,43.26,75.79,129.72
183024, 22.93,29.89,43.25,75.52,129.72
183031, 22.93,29.89,43.23,75.32,129.72
183038, 22.93,29.89,43.22,75.73,129.89
183045, 22.94,29.89,43.24,74.99,129.89
183052, 22.94,29.89,43.28,75.66,129.89
183059, 22.94,29.89,43.31,74.92,129.39
183106, 22.94,29.89,43.34,76.00,129.56
183113, 22.95,29.89,43.38,74.92,129.56
183120, 22.95,29.89,43.40,74.65,129.72
183127, 22.95,29.89,43.41,75.39,129.72
183134, 22.96,29.89,43.38,75.86,129.72
183141, 22.96,29.89,43.31,75.79,129.56
183148, 22.96,29.89,43.23,75.05,129.56
183155, 22.97,29.89,43.20,75.39,129.56
183202, 22.97,29.89,43.24,75.46,129.72
183209, 22.97,29.89,43.24,75.52,129.72
183216, 22.98,29.89,43.21,75.66,129.72
183223, 22.98,29.89,43.17,75.59,129.56
183230, 22.98,29.89,43.08,74.79,129.56
183237, 22.98,29.89,43.04,75.12,129.56
183244, 22.99,29.89,43.03,75.79,129.56
183251, 22.99,29.89,43.04,75.39,129.56
183258, 22.99,29.89,43.10,75.32,129.56
183305, 22.99,29.89,43.21,76.00,129.72
183312, 23.00,29.89,43.25,76.14,129.56
183319, 23.00,29.89,43.22,75.79,129.39
183326, 23.00,29.89,43.18,75.05,129.39
183333, 23.01,29.89,43.16,75.12,129.39
183340, 23.01,29.89,43.10,75.86,129.39
183347, 23.01,29.89,43.09,76.07,129.23
183354, 23.02,29.89,43.06,76.00,129.39
183401, 23.02,29.89,43.05,76.21,129.23
183408, 23.02,29.89,43.03,76.21,129.39
183415, 23.02,29.89,43.02,75.25,129.56
183422, 23.03,29.89,43.01,75.32,129.56
183429, 23.03,29.89,42.98,75.39,129.72
183436, 23.03,29.89,42.94,75.93,129.72
183443, 23.03,29.89,42.90,76.34,129.72
183450, 23.03,29.89,42.89,75.86,129.72
183457, 23.04,29.89,42.88,75.32,129.72
183504, 23.04,29.89,42.90,76.34,129.56
183511, 23.04,29.89,42.88,76.48,129.72
183518, 23.04,29.89,42.87,76.14,129.89
183525, 23.04,29.89,42.86,75.73,129.89
183532, 23.05,29.89,42.83,76.48,129.89
183539, 23.05,29.89,42.82,76.14,129.89
183546, 23.05,29.89,42.83,76.69,129.89
183553, 23.05,29.89,42.87,75.52,129.72
183600, 23.06,29.89,42.93,75.39,129.56
183607, 23.06,29.89,43.02,75.59,129.56
183614, 23.06,29.89,43.17,76.14,129.39
183621, 23.06,29.89,43.23,76.07,129.56
183628, 23.07,29.89,43.24,76.07,129.72
183635, 23.07,29.89,43.22,75.46,129.72
183642, 23.07,29.89,43.19,76.07,129.72
183649, 23.08,29.89,43.15,75.52,129.56
183656, 23.08,29.89,43.11,75.79,129.39
183703, 23.08,29.89,43.06,75.73,129.39
183710, 23.09,29.89,43.03,75.86,129.39
183717, 23.09,29.89,43.00,76.14,129.39
183724, 23.09,29.89,42.97,76.28,129.39
183731, 23.10,29.89,42.96,76.55,129.39
183738, 23.10,29.89,42.92,76.41,129.06
183745, 23.10,29.89,42.89,76.07,129.06
183752, 23.10,29.90,42.86,76.28,129.06
183759, 23.10,29.90,42.86,76.41,129.06
183806, 23.10,29.90,42.82,76.28,129.06
183813, 23.11,29.90,42.82,76.62,129.06
183820, 23.11,29.90,42.80,76.55,129.06
183827, 23.11,29.90,42.80,76.55,129.06
183834, 23.11,29.90,42.78,76.83,129.06
183841, 23.12,29.89,42.77,76.07,129.23
183848, 23.12,29.89,42.75,76.55,128.89
183855, 23.12,29.90,42.73,76.62,128.89
183902, 23.12,29.90,42.73,76.28,129.06
183909, 23.12,29.90,42.70,76.41,129.06
183916, 23.12,29.90,42.70,76.34,129.06
183923, 23.12,29.90,42.69,77.11,129.06
183930, 23.12,29.89,42.68,76.34,129.23
183937, 23.12,29.89,42.68,76.41,129.06
183944, 23.13,29.89,42.68,76.69,129.23
183951, 23.13,29.89,42.70,76.41,129.23
183958, 23.13,29.89,42.70,76.90,129.23
184005, 23.13,29.89,42.69,76.83,129.39
184012, 23.13,29.89,42.69,77.04,129.06
184019, 23.14,29.89,42.69,77.11,129.06
184026, 23.14,29.89,42.67,76.83,129.23
184033, 23.14,29.89,42.67,77.11,129.23
184040, 23.14,29.89,42.62,76.34,129.39
184047, 23.14,29.89,42.65,76.69,129.23
184054, 23.15,29.89,42.61,76.76,129.39
184101, 23.15,29.89,42.62,77.11,129.39
184108, 23.15,29.89,42.61,76.97,129.39
184115, 23.15,29.89,42.59,76.90,129.56
184122, 23.15,29.89,42.61,76.62,129.23
184129, 23.16,29.89,42.60,77.04,129.23
184136, 23.16,29.89,42.59,77.11,129.23
184143, 23.16,29.89,42.59,76.76,129.23
184150, 23.16,29.89,42.58,76.83,129.23
184157, 23.16,29.89,42.60,77.25,129.23
184204, 23.16,29.89,42.58,76.90,129.23
184211, 23.17,29.89,42.57,76.76,129.06
184218, 23.17,29.90,42.56,77.32,129.06
184225, 23.17,29.89,42.56,76.97,129.23
184232, 23.17,29.89,42.55,76.62,129.23
184239, 23.17,29.89,42.53,76.55,128.89
184246, 23.18,29.90,42.55,76.62,129.06
184253, 23.18,29.90,42.55,76.76,129.06
184300, 23.18,29.89,42.55,76.62,129.06
184308, 23.18,29.89,42.55,76.34,129.23
184315, 23.18,29.89,42.53,76.62,129.23
184322, 23.18,29.89,42.53,76.69,129.23
184329, 23.18,29.89,42.52,76.90,129.23
184336, 23.19,29.89,42.54,76.34,129.23
184343, 23.19,29.89,42.53,76.41,129.23
184350, 23.19,29.89,42.52,76.76,129.06
184357, 23.19,29.89,42.51,76.90,129.06
184404, 23.20,29.90,42.52,76.69,128.89
184411, 23.20,29.90,42.54,76.48,128.89
184418, 23.20,29.90,42.54,77.11,128.89
184425, 23.21,29.90,42.53,76.83,129.06
184432, 23.21,29.90,42.55,76.62,129.23
184439, 23.21,29.89,42.55,76.62,129.06
184446, 23.22,29.90,42.58,77.18,129.06
184453, 23.22,29.90,42.67,76.97,129.23
184500, 23.22,29.90,42.68,76.55,129.23
184507, 23.23,29.90,42.71,76.90,129.23
184514, 23.23,29.90,42.73,77.04,128.73
184521, 23.23,29.90,42.74,76.76,128.73
184528, 23.24,29.90,42.73,76.69,128.73
184535, 23.24,29.90,42.71,76.83,128.73
184542, 23.24,29.90,42.69,76.55,128.73
184549, 23.25,29.90,42.69,76.76,128.73
184556, 23.25,29.90,42.72,76.55,128.73
184603, 23.26,29.90,42.75,76.55,128.73
184610, 23.26,29.90,42.75,76.97,128.73
184617, 23.27,29.90,42.75,76.34,128.56
184624, 23.28,29.90,42.76,76.48,128.73
184631, 23.29,29.90,42.76,76.97,128.56
184638, 23.30,29.90,42.74,76.76,128.73
184645, 23.30,29.90,42.73,76.34,128.89
184652, 23.31,29.90,42.69,76.34,128.73
184659, 23.32,29.90,42.67,76.69,128.73
184706, 23.33,29.90,42.63,77.11,128.73
184713, 23.34,29.90,42.60,76.55,128.89
184720, 23.34,29.90,42.58,76.55,129.06
184727, 23.35,29.90,42.56,76.97,128.89
184734, 23.36,29.90,42.74,76.90,129.06
184741, 23.37,29.90,43.02,75.93,128.89
184748, 23.38,29.90,43.33,76.00,128.89
184755, 23.39,29.90,43.80,75.46,128.73
184802, 23.41,29.90,44.33,74.19,128.73
184809, 23.44,29.90,44.74,74.46,128.56
184816, 23.46,29.90,45.11,73.81,128.73
184823, 23.49,29.90,45.38,73.42,128.73
184830, 23.51,29.90,45.59,73.04,128.56
184837, 23.54,29.90,45.77,72.54,128.40
184844, 23.57,29.90,45.85,72.17,128.56
184851, 23.59,29.90,45.93,72.17,128.40
184858, 23.62,29.90,45.95,72.04,128.40
184905, 23.64,29.90,45.60,71.67,128.40
184912, 23.65,29.90,45.07,72.54,128.40
184919, 23.67,29.90,44.53,72.79,128.73
184926, 23.67,29.90,44.06,73.49,128.73
184933, 23.68,29.90,43.69,73.68,128.23
184940, 23.68,29.90,43.37,74.65,128.23
184947, 23.68,29.90,43.13,74.72,128.40
184954, 23.68,29.90,42.92,74.79,128.89
185001, 23.68,29.90,42.76,74.85,128.73
185008, 23.67,29.90,42.65,75.52,128.73
185015, 23.67,29.90,42.54,75.12,128.73
185022, 23.67,29.90,42.47,75.73,128.73
185029, 23.66,29.90,42.39,75.86,128.73
185036, 23.66,29.90,42.35,75.59,128.73
185043, 23.66,29.90,42.32,75.73,128.89
185050, 23.65,29.90,42.27,76.21,128.89
185057, 23.65,29.90,42.22,75.59,128.89
185104, 23.65,29.90,42.19,75.86,128.73
185111, 23.65,29.90,42.17,76.28,128.89
185118, 23.65,29.90,42.15,76.55,128.73
185125, 23.65,29.90,42.13,76.62,128.89
185132, 23.65,29.90,42.12,76.28,128.89
185139, 23.65,29.90,42.08,76.62,128.89
185146, 23.65,29.90,42.08,76.62,128.89
185153, 23.65,29.90,42.06,76.28,128.89
185200, 23.65,29.90,42.01,76.28,128.89
185207, 23.65,29.90,42.00,76.83,128.89
185214, 23.65,29.90,41.97,76.76,128.89
185221, 23.65,29.90,41.93,76.83,128.89
185228, 23.65,29.90,41.90,76.62,128.89
185235, 23.65,29.90,41.89,76.55,129.06
185242, 23.64,29.89,41.87,76.76,129.06
185249, 23.64,29.89,41.87,76.90,129.23
185256, 23.65,29.89,41.86,76.48,129.06
185303, 23.65,29.90,41.85,77.18,129.06
185310, 23.65,29.90,41.82,76.83,128.89
185317, 23.65,29.90,41.82,76.97,128.89
185324, 23.65,29.90,41.82,76.76,129.06
185331, 23.65,29.90,41.80,77.04,128.89
185338, 23.64,29.90,41.77,76.90,128.89
185345, 23.64,29.90,41.76,77.04,128.89
185352, 23.64,29.90,41.76,76.97,128.89
185359, 23.64,29.90,41.77,76.76,129.06
185406, 23.65,29.90,41.76,77.32,129.06
185413, 23.65,29.90,41.76,77.04,129.06
185420, 23.65,29.89,41.77,77.39,129.06
185427, 23.65,29.89,41.78,77.11,129.06
185434, 23.65,29.89,41.77,77.32,129.06
185441, 23.65,29.89,41.75,77.04,129.06
185448, 23.65,29.89,41.73,77.18,129.06
185455, 23.65,29.89,41.72,76.83,129.23
185502, 23.65,29.89,41.69,77.04,129.06
185509, 23.65,29.89,41.67,77.32,129.23
185516, 23.65,29.89,41.66,77.46,129.06
185523, 23.65,29.90,41.65,76.97,129.06
185530, 23.65,29.90,41.65,77.46,129.06
185537, 23.65,29.90,41.65,77.11,128.89
185544, 23.65,29.90,41.69,77.18,128.89
185551, 23.64,29.90,41.70,77.25,129.06
185558, 23.64,29.90,41.71,77.32,129.06
185605, 23.64,29.90,41.73,77.61,129.06
185612, 23.64,29.89,41.74,77.18,129.06
185619, 23.64,29.90,41.73,77.32,129.06
185626, 23.64,29.89,41.74,76.97,129.06
185633, 23.64,29.90,41.74,77.11,129.06
185640, 23.64,29.90,41.72,77.32,128.89
185647, 23.65,29.90,41.71,77.39,128.89
185654, 23.64,29.90,41.70,77.18,128.89
185701, 23.64,29.90,41.69,77.32,128.89
185708, 23.64,29.90,41.66,77.54,129.06
185715, 23.64,29.90,41.68,77.04,128.89
185722, 23.64,29.90,41.67,77.25,128.89
185729, 23.64,29.89,41.67,77.25,128.89
185736, 23.64,29.89,41.69,77.32,128.89
185743, 23.64,29.90,41.69,77.25,128.89
185750, 23.64,29.90,41.70,77.25,128.73
185757, 23.64,29.90,41.69,77.46,128.73
185804, 23.64,29.90,41.69,77.18,128.73
185811, 23.64,29.90,41.69,77.46,128.89
185818, 23.64,29.90,41.66,77.46,128.73
185825, 23.63,29.90,41.66,77.39,128.89
185832, 23.63,29.90,41.66,77.32,128.89
185839, 23.63,29.90,41.66,77.46,128.89
185846, 23.63,29.90,41.69,77.39,128.89
185853, 23.63,29.90,41.70,77.32,128.89
185900, 23.63,29.90,41.71,77.46,128.73
185907, 23.63,29.90,41.72,77.54,128.73
185914, 23.63,29.90,41.70,77.61,128.73
185921, 23.63,29.90,41.70,77.68,128.89
185928, 23.63,29.90,41.69,77.54,128.89
185935, 23.63,29.90,41.66,77.61,128.89
185942, 23.62,29.90,41.65,77.75,128.73
185949, 23.62,29.90,41.69,77.46,128.89
185956, 23.62,29.89,41.80,77.32,129.39
190003, 23.61,29.89,42.20,76.97,129.56
190000, 23.61,29.89,42.63,76.69,129.72
190007, 23.61,29.89,42.99,76.21,129.89
190004, 23.61,29.89,43.19,76.48,130.06
190001, 23.62,29.89,43.37,75.93,129.89
190008, 23.63,29.89,43.38,75.59,130.06
190005, 23.64,29.89,43.38,75.46,129.89
190002, 23.65,29.89,43.31,75.66,129.89
190009, 23.65,29.89,43.22,75.59,129.89
190106, 23.66,29.89,43.11,75.46,129.72
190103, 23.66,29.89,43.02,75.66,129.72
190100, 23.66,29.89,42.90,75.59,130.06
190107, 23.66,29.89,42.80,76.00,130.06
190104, 23.66,29.89,42.76,76.21,130.06
190101, 23.66,29.89,42.61,76.07,129.72
190108, 23.67,29.89,42.55,76.28,129.72
190105, 23.67,29.89,42.49,76.41,129.72
190202, 23.67,29.89,42.42,76.48,129.56
190209, 23.67,29.89,42.42,76.48,129.56
190206, 23.67,29.89,42.48,76.69,129.72
190203, 23.68,29.89,42.52,76.48,129.72
190200, 23.68,29.89,42.51,76.14,129.39
190207, 23.68,29.89,42.49,76.28,129.39
190204, 23.68,29.89,42.43,76.41,129.56
190201, 23.69,29.89,42.36,76.97,129.56
190208, 23.69,29.89,42.31,76.97,129.72
190305, 23.69,29.89,42.30,76.55,129.72
190302, 23.69,29.89,42.26,76.28,129.72
190309, 23.70,29.89,42.23,76.76,129.72
190306, 23.69,29.89,42.14,77.18,130.06
190303, 23.68,29.89,41.23,78.62,129.39
190300, 23.66,29.90,40.39,80.50,128.06
190307, 23.63,29.90,39.62,81.90,126.65
190304, 23.60,29.91,39.31,82.62,124.82
190401, 23.57,29.91,39.28,83.61,123.16
190408, 23.55,29.92,39.27,85.30,122.33
190405, 23.54,29.92,38.31,87.24,121.34
190402, 23.49,29.92,36.39,90.90,121.17
190409, 23.36,29.92,35.90,93.42,120.84
190406, 23.26,29.93,35.75,93.52,120.34
190403, 23.29,29.93,36.51,93.94,120.34
190400, 23.47,29.93,36.97,93.83,120.17
190407, 23.77,29.93,37.16,93.32,120.17
190504, 24.13,29.93,36.77,92.60,120.17
190501, 24.43,29.93,34.93,94.68,119.34
190508, 24.60,29.93,32.57,95.32,119.09
190505, 24.68,29.93,31.91,94.33,119.18
190502, 24.66,29.93,31.73,95.23,120.01
190509, 24.57,29.93,31.29,96.10,120.51
190506, 24.27,29.93,30.69,98.80,120.51
190503, 23.85,29.93,30.61,100.39,120.84
190600, 23.47,29.92,30.98,100.57,120.84
190607, 23.20,29.93,31.82,101.84,120.51
190604, 23.02,29.93,32.59,101.90,120.67
190601, 22.94,29.93,33.25,101.72,120.51
190608, 22.86,29.93,32.57,102.40,120.51
190605, 22.77,29.93,33.29,99.56,120.67
190602, 22.70,29.92,34.67,94.96,120.67
190609, 22.67,29.93,35.79,93.83,120.84
190606, 22.67,29.92,36.53,93.42,120.67
190703, 22.68,29.92,36.92,92.50,120.84
190700, 22.71,29.92,37.15,90.51,121.00
190707, 22.74,29.92,37.39,89.27,121.00
190704, 22.78,29.93,37.54,90.03,120.51
190701, 22.81,29.93,37.66,88.89,120.67
190708, 22.84,29.92,37.81,87.60,120.67
190705, 22.88,29.92,37.94,87.51,120.67
190702, 22.91,29.93,37.96,88.15,120.84
190709, 22.93,29.93,37.94,87.87,120.67
190806, 22.95,29.92,37.94,88.24,120.67
190803, 22.98,29.92,37.92,87.69,120.67
190800, 22.99,29.92,37.98,87.33,120.84
190807, 23.01,29.92,38.09,86.52,121.17
190804, 23.03,29.92,38.12,87.06,121.00
190801, 23.04,29.92,38.08,87.06,120.84
190808, 23.05,29.92,38.01,86.61,121.00
190805, 23.06,29.92,37.80,86.97,120.84
190902, 23.07,29.93,37.68,87.06,120.84
190909, 23.07,29.92,37.74,86.97,121.17
190906, 23.08,29.92,37.84,87.06,121.17
190903, 23.08,29.92,37.93,85.38,121.17
190900, 23.09,29.92,38.04,87.15,121.34
190907, 23.10,29.92,38.16,86.25,120.84
190904, 23.11,29.92,38.20,85.56,120.67
190901, 23.12,29.93,38.26,85.73,120.51
190908, 23.12,29.93,38.26,85.90,120.51
191005, 23.13,29.93,38.28,85.90,120.17
191012, 23.14,29.93,38.38,85.04,120.51
191019, 23.15,29.93,38.40,85.73,120.17
191026, 23.16,29.93,38.40,85.56,120.34
191033, 23.17,29.93,38.48,85.64,120.34
191040, 23.18,29.93,38.49,84.78,120.51
191047, 23.19,29.93,38.28,61.80,120.51
191054, 23.20,29.93,38.16,57.04,120.67
191101, 23.21,29.93,38.10,64.06,120.84
191108, 23.21,29.92,38.08,69.21,120.67
191115, 23.21,29.92,38.06,72.91,120.84
191122, 23.22,29.93,38.06,75.52,120.84
191129, 23.22,29.93,38.12,77.46,120.84
191136, 23.22,29.93,38.19,79.58,121.00
191143, 23.23,29.93,38.30,80.50,120.84
191150, 23.23,29.93,38.41,81.27,120.34
191157, 23.24,29.93,38.53,81.66,120.51
191204, 23.25,29.93,38.57,82.46,120.51
191211, 23.27,29.93,38.59,82.70,120.34
191218, 23.28,29.93,38.61,82.79,120.34
191225, 23.30,29.93,38.67,82.62,120.51
191232, 23.31,29.93,38.67,82.79,120.34
191239, 23.32,29.93,38.24,83.86,120.51
191246, 23.32,29.93,37.93,84.87,120.67
191253, 23.32,29.93,37.88,85.04,120.67
191300, 23.33,29.93,37.96,84.78,120.51
191307, 23.33,29.93,38.10,84.36,120.51
191314, 23.34,29.93,38.26,83.77,120.67
191321, 23.35,29.93,38.21,83.77,120.51
191328, 23.36,29.93,38.22,83.94,120.51
191335, 23.37,29.93,38.26,83.52,120.34
191342, 23.38,29.93,38.40,83.36,120.67
191349, 23.39,29.93,38.77,83.11,120.34
191356, 23.40,29.93,38.85,83.28,120.17
191403, 23.42,29.93,38.81,82.62,120.34
191410, 23.43,29.93,38.70,83.03,120.34
191417, 23.44,29.93,38.61,82.70,120.34
191424, 23.45,29.93,38.54,83.11,120.51
191431, 23.46,29.93,38.44,82.70,120.34
191438, 23.47,29.93,38.34,82.87,120.51
191445, 23.48,29.93,38.21,82.87,120.34
191452, 23.48,29.93,38.11,82.95,120.34
191459, 23.49,29.93,38.06,83.44,120.34
191506, 23.50,29.93,38.03,82.95,120.51
191513, 23.50,29.93,38.00,83.36,120.17
191520, 23.51,29.93,38.01,82.62,120.34
191527, 23.51,29.93,38.05,82.70,120.34
191534, 23.52,29.93,38.02,82.87,120.34
191541, 23.52,29.93,38.00,83.52,120.34
191548, 23.53,29.93,37.97,82.87,120.34
191555, 23.53,29.93,37.95,82.70,120.51
191602, 23.54,29.93,37.94,82.79,120.17
191609, 23.55,29.93,37.95,82.70,120.34
191616, 23.55,29.93,37.97,82.70,120.34
191623, 23.56,29.93,37.96,82.62,120.01
191630, 23.56,29.93,37.95,82.79,120.17
191637, 23.57,29.93,37.94,82.79,120.34
191644, 23.57,29.93,37.96,82.70,120.34
191651, 23.58,29.93,37.95,82.62,120.17
191658, 23.59,29.93,37.95,82.70,120.34
191705, 23.59,29.93,37.93,83.11,120.51
191712, 23.60,29.93,37.92,83.11,120.34
191719, 23.60,29.93,37.90,82.70,120.34
191726, 23.61,29.93,37.87,82.62,120.51
191733, 23.61,29.93,37.84,82.62,120.51
191740, 23.62,29.93,37.79,82.95,120.34
191747, 23.62,29.93,37.76,83.28,120.34
191754, 23.63,29.93,37.72,83.11,120.34
191801, 23.63,29.93,37.70,83.19,120.67
191808, 23.64,29.93,37.69,82.79,120.51
191815, 23.64,29.93,37.65,82.95,120.67
191822, 23.65,29.92,37.64,82.79,120.84
191829, 23.65,29.92,37.64,82.87,120.84
191836, 23.66,29.92,37.61,83.28,120.67
191843, 23.66,29.93,37.59,82.87,120.67
191850, 23.66,29.93,37.60,82.95,120.67
191857, 23.67,29.93,37.59,83.19,120.84
191905, 23.67,29.93,37.60,82.06,120.67
191912, 23.67,29.93,37.58,82.62,120.84
191919, 23.67,29.93,37.55,82.87,120.67
191926, 23.68,29.93,37.55,82.79,120.17
191933, 23.68,29.93,37.53,83.03,120.01
191940, 23.68,29.93,37.52,82.54,120.01
191947, 23.69,29.93,37.52,82.54,119.84
191954, 23.69,29.93,37.52,82.54,119.68
192001, 23.69,29.93,37.54,82.70,119.68
192008, 23.70,29.93,37.54,82.70,119.51
192015, 23.70,29.93,37.56,82.87,119.68
192022, 23.71,29.93,37.59,82.62,119.68
192029, 23.71,29.93,37.60,82.70,119.84
192036, 23.72,29.93,37.61,82.46,119.84
192043, 23.72,29.93,37.56,82.62,119.84
192050, 23.73,29.93,37.54,82.70,120.01
192057, 23.73,29.93,37.53,82.79,119.84
192104, 23.74,29.93,37.52,82.46,119.51
192111, 23.74,29.93,37.51,82.70,119.68
192118, 23.74,29.93,37.51,82.54,119.68
192125, 23.75,29.93,37.48,82.62,119.68
192132, 23.75,29.93,37.47,82.70,119.84
192139, 23.75,29.93,37.46,82.62,119.84
192146, 23.75,29.93,37.45,82.95,119.51
192153, 23.76,29.93,37.44,82.79,119.51
192200, 23.76,29.93,37.47,82.79,119.68
192207, 23.76,29.93,37.46,82.87,119.84
192214, 23.77,29.93,37.46,82.70,119.84
192221, 23.77,29.93,37.47,82.79,120.01
192228, 23.77,29.93,37.45,82.46,119.84
192235, 23.78,29.93,37.44,82.87,120.01
192242, 23.78,29.93,37.40,82.79,120.17
192249, 23.78,29.93,37.35,82.70,120.01
192256, 23.79,29.93,37.34,82.87,120.17
192303, 23.79,29.93,37.32,83.11,120.01
192310, 23.79,29.93,37.26,83.11,119.84
192317, 23.79,29.93,37.27,82.79,119.84
192324, 23.79,29.93,37.30,82.70,120.01
192331, 23.79,29.93,37.28,82.14,119.51
192338, 23.79,29.93,37.26,82.22,119.68
192345, 23.79,29.93,37.25,82.30,119.84
192352, 23.80,29.93,37.21,82.62,119.68
192359, 23.80,29.93,37.17,82.70,119.84
192406, 23.80,29.93,37.16,82.22,119.84
192413, 23.81,29.93,37.16,82.46,120.01
192420, 23.81,29.93,37.13,82.38,120.01
192427, 23.81,29.93,37.11,82.46,120.01
192434, 23.81,29.93,37.14,82.62,120.17
192441, 23.81,29.93,37.12,81.98,120.01
192448, 23.82,29.93,37.13,81.90,120.17
192455, 23.82,29.93,37.12,81.98,120.34
192502, 23.82,29.93,37.13,81.51,120.34
192509, 23.82,29.93,37.15,81.82,120.34
192516, 23.83,29.93,37.16,81.90,120.34
192523, 23.83,29.93,37.15,81.82,120.51
192530, 23.83,29.93,37.12,81.74,120.51
192537, 23.83,29.93,37.09,81.35,120.51
192544, 23.83,29.93,37.08,81.82,120.01
192551, 23.84,29.93,37.04,81.66,120.01
192558, 23.84,29.93,36.98,81.90,119.84
192605, 23.84,29.93,36.94,81.82,120.01
192612, 23.84,29.93,36.90,81.74,120.01
192619, 23.84,29.93,36.89,81.90,120.17
192626, 23.84,29.93,36.95,81.74,120.17
192633, 23.85,29.93,36.97,81.98,120.01
192640, 23.85,29.93,36.99,81.19,120.01
192647, 23.85,29.93,36.99,81.51,120.01
192654, 23.85,29.93,36.94,81.66,120.17
192701, 23.85,29.93,36.91,81.51,119.84
192708, 23.85,29.93,36.90,81.51,119.84
192715, 23.86,29.93,36.88,81.27,119.68
192722, 23.86,29.93,36.82,81.66,119.51
192729, 23.86,29.93,36.80,81.74,119.51
192736, 23.86,29.93,36.84,81.35,119.51
192743, 23.86,29.93,36.89,81.35,119.51
192750, 23.86,29.93,36.91,81.11,119.68
192757, 23.87,29.93,36.92,81.19,119.84
192804, 23.87,29.93,36.89,81.51,120.01
192811, 23.87,29.93,36.88,81.35,120.17
192818, 23.87,29.93,36.84,81.43,120.01
192825, 23.87,29.93,36.83,81.35,119.84
192832, 23.88,29.93,36.83,81.11,120.01
192839, 23.88,29.93,36.83,81.43,120.01
192846, 23.88,29.93,36.83,81.19,120.01
192853, 23.88,29.93,36.80,81.82,120.17
192900, 23.88,29.93,36.79,81.66,120.34
192907, 23.88,29.93,36.79,81.74,120.34
192914, 23.89,29.93,36.80,81.58,120.17
192921, 23.89,29.93,36.80,81.66,120.01
192928, 23.89,29.93,36.79,81.04,119.84
192935, 23.89,29.93,36.79,81.35,119.84
192942, 23.90,29.93,36.79,81.11,120.01
192949, 23.90,29.93,36.78,81.35,120.17
192956, 23.90,29.93,36.79,81.35,120.01
193003, 23.90,29.93,36.76,81.27,120.17
193010, 23.90,29.93,36.78,80.80,120.17
193017, 23.90,29.93,36.77,80.73,120.01
193024, 23.90,29.93,36.77,80.65,119.68
193031, 23.91,29.93,36.76,80.73,119.68
193038, 23.91,29.93,36.74,80.73,119.84
193045, 23.91,29.93,36.75,81.19,120.01
193052, 23.91,29.93,36.74,80.65,119.84
193059, 23.91,29.93,36.71,80.96,120.01
193106, 23.91,29.93,36.69,81.11,120.17
193113, 23.91,29.93,36.74,80.73,120.17
193120, 23.91,29.93,36.76,80.65,120.01
193127, 23.91,29.93,36.78,80.34,119.84
193134, 23.92,29.93,36.79,80.42,119.84
193141, 23.92,29.93,36.83,80.19,119.68
193148, 23.92,29.93,36.85,79.96,119.68
193155, 23.92,29.93,36.84,80.04,119.68
193202, 23.92,29.93,36.85,79.96,119.84
193209, 23.92,29.93,36.83,79.73,119.84
193216, 23.92,29.93,36.79,79.43,119.68
193223, 23.92,29.93,36.76,79.66,119.68
193230, 23.92,29.93,36.76,79.36,119.51
193237, 23.92,29.93,36.78,79.51,119.34
193244, 23.93,29.93,36.79,79.29,119.34
193251, 23.93,29.93,36.81,79.29,119.09
193258, 23.93,29.93,36.79,79.29,119.18
193305, 23.93,29.93,36.77,79.89,119.34
193312, 23.94,29.93,36.75,79.58,119.51
193319, 23.94,29.93,36.74,79.14,119.51
193326, 23.94,29.93,36.72,79.21,119.68
193333, 23.94,29.93,36.71,79.51,119.68
193340, 23.94,29.93,36.71,79.21,119.84
193347, 23.94,29.93,36.75,78.99,119.84
193354, 23.94,29.93,36.80,78.99,119.84
193401, 23.95,29.93,36.82,78.99,119.51
193408, 23.94,29.93,36.83,78.62,119.51
193415, 23.95,29.93,36.86,78.84,119.68
193422, 23.95,29.93,36.89,78.33,119.34
193429, 23.95,29.93,36.91,77.97,119.34
193436, 23.95,29.93,36.88,78.25,119.18
193443, 23.95,29.93,36.88,78.25,119.34
193450, 23.95,29.93,36.83,78.33,119.51
193457, 23.95,29.93,36.83,77.89,119.68
193504, 23.95,29.93,36.80,78.33,119.51
193511, 23.96,29.93,36.81,78.25,119.18
193518, 23.96,29.93,36.80,77.97,119.18
193525, 23.96,29.93,36.82,78.11,119.34
193532, 23.96,29.93,36.84,77.89,119.18
193539, 23.96,29.93,36.88,78.04,119.34
193546, 23.96,29.93,36.91,78.11,119.68
193553, 23.96,29.93,36.90,78.04,119.84
193600, 23.97,29.93,37.71,76.34,119.68
193607, 24.01,29.93,41.88,72.85,119.68
193614, 24.07,29.93,42.61,71.61,119.84
193622, 24.15,29.93,41.52,69.55,119.68
193622, 24.24,29.93,41.93,70.07,119.68
193629, 24.30,29.93,40.95,71.67,119.34
193643, 24.34,29.93,40.19,72.29,119.34
193650, 24.37,29.93,39.70,72.60,119.18
193657, 24.39,29.93,39.42,72.79,119.34
193704, 24.40,29.93,39.26,73.55,119.18
193711, 24.41,29.93,39.21,73.23,119.51
193718, 24.42,29.93,39.12,73.04,119.34
193725, 24.42,29.93,39.06,73.29,119.34
193732, 24.43,29.93,38.99,73.61,119.51
193739, 24.44,29.93,38.94,73.49,119.34
193746, 24.44,29.93,38.87,73.87,119.18
193753, 24.45,29.93,38.79,73.81,119.18
193800, 24.45,29.93,38.72,73.61,119.09
193807, 24.45,29.93,38.72,73.68,119.18
193814, 24.46,29.93,38.68,73.36,119.18
193821, 24.46,29.93,38.63,73.29,119.18
193828, 24.46,29.93,38.62,73.36,119.34
193835, 24.46,29.93,38.62,73.42,119.34
193842, 24.46,29.93,38.60,73.17,119.34
193849, 24.47,29.93,38.58,72.85,119.34
193856, 24.47,29.93,38.54,72.85,119.18
193903, 24.47,29.93,38.54,73.10,119.18
193910, 24.47,29.93,38.53,72.54,119.34
193917, 24.47,29.93,38.53,73.04,119.18
193924, 24.47,29.93,38.53,72.98,119.34
193931, 24.47,29.93,38.54,73.04,119.34
193938, 24.47,29.93,38.49,73.23,119.34
193945, 24.47,29.93,38.35,73.04,119.34
193952, 24.47,29.93,38.39,73.17,119.34
193959, 24.47,29.93,38.44,73.36,119.51
194006, 24.47,29.93,38.48,72.54,119.34
194013, 24.47,29.93,38.54,73.04,119.34
194020, 24.47,29.93,38.53,73.04,119.34
194027, 24.47,29.93,38.52,72.91,119.18
194034, 24.46,29.93,38.55,72.72,119.18
194041, 24.47,29.93,38.54,72.91,119.34
194048, 24.47,29.93,38.43,72.29,119.18
194055, 24.47,29.93,38.35,73.23,119.09
194102, 24.47,29.93,38.40,73.42,118.93
194109, 24.47,29.93,38.43,73.17,119.09
194116, 24.46,29.93,38.43,72.91,119.09
194123, 24.46,29.93,38.41,72.85,119.18
194130, 24.46,29.93,38.34,73.04,119.18
194137, 24.46,29.93,38.44,72.91,119.09
194144, 24.46,29.93,38.49,73.23,119.09
194151, 24.46,29.93,38.49,73.10,119.18
194158, 24.46,29.93,38.50,72.47,119.18
194205, 24.45,29.93,38.55,73.04,119.18
194212, 24.45,29.93,38.56,72.54,119.18
194219, 24.45,29.93,38.60,72.29,119.34
194226, 24.45,29.93,38.63,72.60,119.18
194233, 24.45,29.93,38.60,72.79,119.18
194240, 24.45,29.93,38.55,72.91,119.34
194247, 24.45,29.93,38.56,72.91,119.34
194254, 24.45,29.93,38.57,72.66,119.34
194301, 24.45,29.93,38.58,72.54,119.34
194308, 24.45,29.93,38.62,73.17,119.34
194315, 24.45,29.93,38.66,72.41,119.34
194322, 24.45,29.93,38.66,72.98,119.18
194329, 24.44,29.93,38.65,73.17,119.18
194336, 24.44,29.93,38.66,72.98,119.18
194343, 24.44,29.93,38.64,72.98,119.09
194350, 24.44,29.93,38.66,72.85,119.09
194357, 24.44,29.93,38.62,72.91,118.93
194404, 24.44,29.93,38.58,73.10,118.76
194411, 24.44,29.93,38.58,72.72,118.76
194418, 24.44,29.93,38.57,72.91,118.60
194425, 24.44,29.93,38.62,73.10,118.60
194432, 24.44,29.93,38.48,73.10,118.60
194439, 24.44,29.93,38.38,73.42,118.76
194446, 24.44,29.93,38.48,73.23,118.60
194453, 24.44,29.93,38.57,72.85,118.76
194500, 24.44,29.93,38.60,73.10,118.93
194507, 24.44,29.93,38.56,73.10,118.93
194514, 24.44,29.93,38.58,72.85,118.93
194521, 24.44,29.93,38.65,73.29,118.76
194528, 24.44,29.93,38.69,73.04,118.76
194535, 24.44,29.93,38.74,72.91,118.76
194542, 24.44,29.93,38.76,73.36,118.76
194549, 24.44,29.93,38.74,72.98,118.76
194556, 24.44,29.93,38.72,72.91,118.60
194603, 24.44,29.93,38.75,72.85,118.60
194610, 24.44,29.93,38.75,72.91,118.76
194617, 24.44,29.93,38.70,73.10,118.76
194624, 24.44,29.93,38.64,73.36,118.76
194631, 24.44,29.93,38.71,72.91,118.76
194638, 24.44,29.93,38.78,72.91,118.76
194645, 24.44,29.93,38.79,72.85,118.76
194652, 24.44,29.93,38.79,72.66,118.76
194659, 24.44,29.93,38.82,72.85,118.60
194706, 24.44,29.93,38.81,72.60,118.76
194713, 24.44,29.93,38.84,72.79,118.60
194720, 24.44,29.93,38.82,72.79,118.60
194727, 24.44,29.93,38.83,72.79,118.10
194734, 24.44,29.93,38.83,72.91,118.26
194741, 24.44,29.93,38.89,73.17,118.43
194748, 24.44,29.93,38.89,72.98,118.60
194755, 24.44,29.93,38.89,72.60,118.60
194802, 24.44,29.93,38.91,73.10,118.43
194809, 24.44,29.93,38.90,73.04,118.60
194816, 24.44,29.93,38.89,72.79,118.60
194823, 24.44,29.93,38.88,73.10,118.60
194830, 24.44,29.93,38.87,73.17,118.60
194837, 24.45,29.93,38.78,73.04,118.60
194844, 24.45,29.93,38.69,73.17,118.60
194851, 24.45,29.93,38.77,73.49,118.76
194858, 24.45,29.93,38.81,73.10,118.76
194905, 24.45,29.93,38.81,73.10,118.76
194912, 24.45,29.93,38.86,73.42,118.76
194919, 24.45,29.93,38.88,73.10,118.60
194926, 24.45,29.93,38.74,72.98,118.60
194933, 24.45,29.93,38.64,73.42,118.76
194940, 24.45,29.93,38.74,73.23,118.76
194947, 24.45,29.93,38.82,73.68,118.93
194954, 24.45,29.93,38.88,73.49,118.93
195001, 24.45,29.93,38.91,73.49,118.60
195008, 24.45,29.93,38.94,73.29,118.76
195015, 24.45,29.93,38.92,73.29,118.60
195022, 24.45,29.93,38.81,73.49,118.60
195029, 24.45,29.93,38.78,73.10,118.60
195036, 24.46,29.93,38.81,73.49,118.60
195043, 24.46,29.93,38.88,73.68,118.60
195050, 24.45,29.93,38.90,73.42,118.76
195057, 24.45,29.93,38.90,73.74,118.93
195104, 24.46,29.93,38.90,73.42,118.93
195111, 24.46,29.93,38.91,73.23,118.93
195118, 24.46,29.93,38.88,73.55,118.76
195125, 24.46,29.93,38.91,73.61,118.93
195132, 24.46,29.93,38.93,73.29,118.93
195139, 24.46,29.93,38.93,73.61,118.93
195146, 24.46,29.93,38.95,73.74,118.93
195153, 24.46,29.93,38.97,73.42,118.93
195200, 24.46,29.93,38.87,73.49,118.93
195207, 24.46,29.93,38.79,73.93,118.93
195214, 24.46,29.93,38.71,73.74,119.09
195221, 24.47,29.93,38.65,73.87,119.09
195228, 24.47,29.93,38.70,74.07,118.93
195235, 24.47,29.93,38.78,73.81,118.93
195242, 24.47,29.93,38.69,74.07,119.09
195249, 24.47,29.93,38.63,74.26,119.09
195256, 24.47,29.93,38.56,74.46,119.09
195303, 24.47,29.93,38.54,74.26,118.93
195310, 24.47,29.93,38.63,74.13,118.93
195317, 24.47,29.93,38.63,74.19,118.93
195324, 24.47,29.93,38.61,74.13,118.93
195331, 24.47,29.93,38.58,74.59,118.93
195338, 24.47,29.93,38.62,74.59,118.76
195345, 24.47,29.93,38.67,74.33,118.76
195352, 24.47,29.93,38.71,74.65,118.76
195359, 24.47,29.93,38.73,74.65,118.60
195406, 24.47,29.93,38.79,74.59,118.60
195413, 24.47,29.93,38.80,74.39,118.60
195420, 24.47,29.93,38.81,74.46,118.60
195427, 24.47,29.93,38.82,74.13,118.60
195434, 24.47,29.93,38.82,74.92,118.93
195441, 24.47,29.93,38.85,74.46,118.93
195448, 24.47,29.93,38.87,74.52,118.93
195455, 24.47,29.93,38.87,74.46,118.76
195502, 24.47,29.93,38.82,74.85,118.76
195509, 24.47,29.93,38.81,74.92,118.60
195516, 24.47,29.93,38.79,74.65,118.60
195523, 24.47,29.93,38.77,74.52,118.60
195530, 24.47,29.93,38.77,74.72,118.60
195537, 24.47,29.93,38.78,74.85,118.43
195544, 24.47,29.93,38.75,74.72,118.43
195551, 24.47,29.93,38.76,74.65,118.43
195558, 24.47,29.93,38.79,74.99,118.60
195605, 24.47,29.93,38.72,74.65,118.43
195612, 24.47,29.93,38.67,75.39,118.26
195619, 24.46,29.93,38.34,75.93,118.10
195626, 24.46,29.93,38.05,76.21,118.10
195633, 24.46,29.93,38.10,76.28,118.10
195640, 24.45,29.93,38.27,76.34,118.10
195647, 24.44,29.93,37.78,77.11,118.76
195654, 24.41,29.93,37.00,77.68,118.76
195701, 24.38,29.93,36.49,78.47,118.76
195708, 24.35,29.93,36.45,79.43,119.09
195715, 24.28,29.93,36.07,81.19,119.09
195722, 24.04,29.93,33.45,86.17,119.18
195729, 23.50,29.93,32.14,89.65,119.34
195736, 22.82,29.93,32.07,93.52,119.34
195743, 22.18,29.93,32.50,94.22,119.51
195750, 21.50,29.93,33.17,96.82,119.51
195757, 20.94,29.93,33.99,97.88,119.68
195804, 20.55,29.93,34.71,99.15,119.84
195811, 20.27,29.93,35.34,99.56,120.01
195818, 20.11,29.93,35.99,99.32,120.17
195825, 20.04,29.93,36.63,99.97,120.01
195832, 20.01,29.93,37.17,99.85,120.17
195839, 20.01,29.93,37.44,99.56,120.34
195846, 20.04,29.93,38.07,98.22,120.67
195853, 20.08,29.92,38.90,96.82,121.34
195900, 20.14,29.92,39.71,94.80,121.83
195907, 20.20,29.92,40.39,94.78,123.16
195914, 20.27,29.91,40.78,93.83,124.66
195921, 20.34,29.91,41.08,93.52,126.15
195928, 20.42,29.90,41.20,92.80,127.56
195935, 20.48,29.90,41.56,91.00,128.40
195942, 20.55,29.90,42.21,89.65,128.73
195949, 20.61,29.90,42.72,88.24,129.06
195956, 20.67,29.89,43.03,86.88,129.23
200003, 20.72,29.90,43.35,85.90,128.89
200000, 20.77,29.90,43.57,85.64,129.06
200007, 20.81,29.89,43.69,84.87,129.23
200004, 20.85,29.90,43.73,84.36,129.39
200001, 20.89,29.90,43.89,83.77,129.06
200002, 20.93,29.90,43.97,82.87,128.89
200005, 20.97,29.90,44.01,83.03,129.06
200002, 21.01,29.90,44.08,82.38,128.89
200009, 21.05,29.90,44.17,82.14,128.73
200106, 21.09,29.90,44.19,81.90,128.89
200103, 21.12,29.90,44.15,82.14,129.06
200100, 21.16,29.90,44.07,81.98,128.89
200107, 21.19,29.90,44.03,81.74,128.89
200104, 21.23,29.89,44.01,81.74,129.23
200101, 21.26,29.89,44.01,81.58,129.23
200108, 21.30,29.90,44.15,81.27,128.89
200106, 21.34,29.90,44.37,80.04,128.73
200203, 21.39,29.90,44.66,79.51,129.06
200200, 21.45,29.90,44.80,79.58,128.89
200207, 21.51,29.89,44.74,79.58,129.23
200204, 21.55,29.89,44.63,79.58,129.06
200201, 21.59,29.90,44.48,79.73,128.73
200208, 21.63,29.89,44.38,79.66,129.23
200205, 21.66,29.89,44.32,79.51,129.23
200202, 21.70,29.89,44.26,79.73,129.23
200209, 21.74,29.90,44.27,79.73,129.23
200306, 21.78,29.90,43.70,80.50,128.40
200303, 21.81,29.90,42.98,82.14,127.40
200300, 21.85,29.90,42.15,83.69,125.99
200307, 21.88,29.91,41.47,84.78,124.66
200304, 21.91,29.92,41.01,86.08,122.33
200301, 21.93,29.92,40.89,87.15,121.34
200308, 21.96,29.92,39.61,90.12,120.67
200305, 21.98,29.93,38.48,92.80,120.51
200402, 21.91,29.93,36.67,94.64,120.34
200409, 21.84,29.93,36.13,96.21,120.17
200406, 21.84,29.93,35.65,97.83,120.01
200403, 21.88,29.93,35.25,99.32,120.01
200400, 21.92,29.93,35.06,99.44,119.68
200407, 21.94,29.93,34.98,100.15,119.68
200404, 21.97,29.93,34.77,100.21,120.01
200401, 22.00,29.93,34.58,100.63,120.01
200408, 22.04,29.93,34.44,100.93,120.01
200505, 22.08,29.93,34.44,101.35,120.17
200502, 22.13,29.93,34.20,100.93,120.17
200509, 22.19,29.93,34.17,100.39,120.01
200507, 22.25,29.93,34.08,99.62,120.17
200504, 22.31,29.93,34.26,99.79,120.01
200501, 22.38,29.93,34.49,99.32,120.17
200508, 22.44,29.93,34.54,99.50,120.51
200505, 22.50,29.93,34.73,100.15,120.17
200602, 22.55,29.93,34.42,99.68,120.17
200609, 22.56,29.93,33.72,101.29,120.34
200606, 22.56,29.93,33.29,102.21,120.34
200603, 22.54,29.93,33.02,105.07,120.34
200600, 22.52,29.93,32.69,105.73,120.17
200607, 22.48,29.93,32.60,104.68,120.17
200604, 22.40,29.93,32.57,105.21,119.84
200601, 22.35,29.93,32.87,104.75,120.17
200608, 22.30,29.93,33.14,105.01,120.17
200705, 22.26,29.93,33.32,105.07,120.17
200702, 22.17,29.93,33.13,105.60,120.34
200709, 22.04,29.93,33.08,105.87,120.34
200706, 21.90,29.93,33.06,106.27,120.67
200703, 21.77,29.93,32.98,106.74,120.84
200700, 21.67,29.93,33.74,106.80,120.34
200707, 21.55,29.93,34.08,107.69,120.34
200704, 21.40,29.93,34.58,106.47,120.67
200801, 21.28,29.92,34.42,108.10,120.67
200808, 21.14,29.93,34.05,110.51,120.51
200805, 21.01,29.93,34.31,110.29,120.17
200802, 20.92,29.93,34.69,109.58,119.68
200809, 20.85,29.93,34.46,109.58,119.51
200806, 20.79,29.93,34.76,109.93,119.34
200803, 20.71,29.93,34.88,110.44,119.34
200800, 20.62,29.93,34.42,110.29,119.18
200807, 20.55,29.93,34.67,110.15,118.93
200904, 20.51,29.93,34.95,109.44,118.93
200901, 20.51,29.93,35.03,109.22,118.76
200908, 20.47,29.93,34.73,111.53,118.43
200905, 20.37,29.93,33.93,112.43,118.76
200902, 20.28,29.93,33.98,112.28,118.93
200909, 20.23,29.93,34.44,112.20,118.60
200906, 20.20,29.93,34.57,111.17,118.26
200903, 20.18,29.93,34.57,110.87,118.26
201000, 20.17,29.93,34.68,111.24,118.26
201007, 20.16,29.93,35.02,111.24,117.93
201014, 20.15,29.93,34.76,111.02,118.10
201021, 20.15,29.93,35.10,108.59,118.26
201028, 20.17,29.93,38.50,99.15,118.26
201035, 20.20,29.93,41.95,93.21,118.43
201042, 20.24,29.93,43.52,88.52,118.26
201049, 20.28,29.93,45.03,84.95,118.10
201056, 20.33,29.93,45.70,82.62,118.26
201103, 20.38,29.93,46.24,81.04,118.43
201110, 20.43,29.93,46.23,80.19,118.10
201117, 20.48,29.93,46.07,79.51,118.10
201124, 20.52,29.93,46.01,79.14,118.26
201132, 20.57,29.93,45.95,78.33,118.10
201139, 20.62,29.93,47.41,76.21,118.10
201146, 20.68,29.93,49.30,74.52,118.10
201153, 20.74,29.93,50.43,72.66,118.10
201200, 20.79,29.93,51.05,71.19,118.10
201207, 20.84,29.94,51.08,70.95,118.10
201214, 20.90,29.93,51.66,69.72,117.77
201221, 20.95,29.94,51.72,69.66,117.77
201228, 20.99,29.93,52.39,68.75,117.43
201235, 21.04,29.94,52.40,68.81,117.60
201242, 21.08,29.94,51.64,68.87,117.77
201249, 21.12,29.94,51.33,68.75,117.77
201256, 21.15,29.94,51.00,68.87,117.60
201303, 21.19,29.94,50.53,69.21,117.77
201310, 21.22,29.93,50.37,69.21,117.93
201317, 21.26,29.93,50.33,69.04,117.77
201324, 21.29,29.94,50.08,69.15,117.77
201331, 21.32,29.94,50.02,69.15,117.77
201338, 21.35,29.94,50.94,68.53,117.77
201345, 21.38,29.94,51.36,68.09,117.77
201352, 21.42,29.93,51.31,67.92,118.10
201359, 21.44,29.94,51.19,67.98,117.77
201406, 21.47,29.93,51.02,67.87,117.93
201413, 21.50,29.93,50.92,67.76,117.93
201420, 21.53,29.93,50.83,67.65,118.26
201427, 21.55,29.93,50.62,67.92,118.26
201434, 21.58,29.93,50.45,67.65,118.43
201441, 21.60,29.93,50.27,68.14,118.10
201448, 21.62,29.93,50.17,68.20,118.10
201455, 21.65,29.93,50.05,68.14,118.10
201502, 21.67,29.93,49.86,68.20,118.26
201509, 21.70,29.93,49.96,68.09,118.26
201516, 21.72,29.93,50.00,67.76,118.26
201523, 21.74,29.93,49.98,67.98,118.43
201530, 21.76,29.93,50.13,67.92,118.26
201537, 21.79,29.93,50.13,67.76,118.10
201544, 21.81,29.93,50.15,67.54,118.10
201551, 21.83,29.93,50.25,67.22,118.26
201558, 21.85,29.93,50.27,67.22,118.26
201605, 21.88,29.93,50.28,67.06,118.26
201612, 21.90,29.93,50.22,67.11,118.10
201619, 21.92,29.93,50.22,66.90,118.10
201626, 21.94,29.93,50.22,66.95,118.26
201633, 21.96,29.93,50.53,66.74,118.43
201640, 21.98,29.93,50.43,66.58,118.60
201647, 22.00,29.93,50.32,66.74,118.60
201654, 22.02,29.93,50.32,66.64,118.60
201701, 22.04,29.93,50.53,66.37,118.60
201708, 22.06,29.93,50.95,66.11,118.43
201715, 22.04,29.93,47.83,70.01,118.60
201722, 21.94,29.93,42.77,76.69,118.93
201729, 21.78,29.93,39.46,82.46,119.09
201736, 21.55,29.93,37.24,87.78,119.18
201743, 21.27,29.93,36.38,91.59,119.68
201750, 21.00,29.93,35.98,94.25,119.68
201757, 20.78,29.93,36.46,94.01,119.84
201804, 20.57,29.93,36.28,95.88,119.84
201811, 20.40,29.93,36.26,97.94,119.84
201818, 20.25,29.93,36.41,99.50,119.84
201825, 20.14,29.93,36.75,100.03,120.01
201832, 20.04,29.93,37.13,101.05,120.01
201839, 19.94,29.93,36.98,102.65,120.01
201846, 19.84,29.93,36.99,103.34,120.34
201853, 19.77,29.93,37.18,104.10,120.34
201900, 19.72,29.93,37.45,103.40,120.34
201907, 19.69,29.93,37.91,103.15,120.67
201914, 19.66,29.92,38.00,103.08,120.67
201921, 19.64,29.92,38.04,104.43,120.84
201928, 19.64,29.92,38.27,103.97,120.84
201935, 19.64,29.92,38.51,104.04,120.84
201942, 19.62,29.92,38.19,104.43,121.00
201949, 19.60,29.92,38.21,104.88,121.17
201956, 19.58,29.92,38.11,105.87,121.34
202003, 19.55,29.92,38.00,106.40,121.50
202010, 19.54,29.92,37.72,106.80,121.34
202017, 19.52,29.92,38.11,106.33,121.67
202024, 19.49,29.92,38.38,106.00,121.67
202031, 19.42,29.92,38.33,107.62,122.00
202038, 19.34,29.92,38.19,108.52,121.83
202045, 19.29,29.92,38.23,108.52,121.83
202052, 19.28,29.92,38.30,106.87,121.83
202059, 19.27,29.92,38.71,107.01,122.00
202106, 19.28,29.92,39.25,106.27,121.83
202113, 19.30,29.92,39.88,104.88,121.83
202120, 19.32,29.92,40.24,105.21,121.83
202127, 19.32,29.92,39.41,106.94,121.83
202134, 19.31,29.92,38.45,107.35,121.83
202141, 19.29,29.92,38.57,107.28,121.83
202148, 19.27,29.92,38.88,106.80,121.83
202155, 19.27,29.92,38.98,107.07,121.67
202202, 19.25,29.92,38.53,108.73,121.83
202209, 19.23,29.92,38.16,108.80,122.00
202216, 19.22,29.92,38.41,108.24,122.17
202223, 19.21,29.92,38.75,108.59,122.17
202230, 19.19,29.92,38.88,108.38,121.83
202237, 19.19,29.92,38.93,107.55,121.83
202244, 19.20,29.92,38.99,107.55,121.83
202251, 19.21,29.92,38.90,107.55,121.83
202258, 19.22,29.92,39.08,107.35,122.00
202305, 19.25,29.92,39.30,107.21,122.00
202312, 19.24,29.92,39.10,107.55,121.83
202319, 19.22,29.92,39.19,108.66,121.50
202326, 19.20,29.92,39.13,108.94,121.67
202333, 19.17,29.92,38.91,110.58,121.67
202340, 19.16,29.92,38.86,109.15,121.67
202347, 19.15,29.92,38.65,109.44,121.50
202354, 19.14,29.92,38.68,110.01,121.34
202401, 19.12,29.92,38.56,110.80,121.34
202408, 19.05,29.92,38.15,112.35,121.67
202415, 18.92,29.92,37.68,113.41,121.83
202422, 18.78,29.92,37.93,114.10,122.00
202429, 18.62,29.92,38.21,110.73,122.00
202436, 18.44,29.92,38.21,110.58,122.33
202443, 18.24,29.92,38.39,113.48,122.33
202450, 17.97,29.92,38.62,116.22,122.33
202457, 17.70,29.92,39.09,116.86,122.50
202504, 17.49,29.92,39.60,116.86,122.17
202511, 17.34,29.92,40.02,116.06,122.17
202518, 17.26,29.92,40.92,113.56,121.83
202525, 17.23,29.92,42.25,110.87,121.50
202532, 17.23,29.92,42.96,108.66,121.50
202539, 17.25,29.92,43.49,107.01,121.17
202546, 17.28,29.92,43.77,106.20,121.00
202553, 17.32,29.92,43.90,105.34,121.00
202600, 17.36,29.92,44.13,104.17,120.84
202607, 17.41,29.92,44.50,102.83,120.67
202614, 17.46,29.92,45.38,100.87,120.67
202621, 17.52,29.93,46.27,98.63,120.67
202628, 17.57,29.92,46.65,97.43,120.84
202635, 17.62,29.93,46.83,97.21,120.84
202642, 17.68,29.92,47.13,95.12,120.84
202649, 17.73,29.92,47.33,95.07,121.00
202656, 17.78,29.92,47.40,95.21,120.67
202703, 17.84,29.92,47.45,94.12,120.84
202710, 17.89,29.92,47.50,95.00,120.84
202717, 17.94,29.92,47.53,94.36,121.83
202724, 17.98,29.92,47.64,94.25,122.83
202731, 18.03,29.92,47.69,92.80,122.66
202738, 18.08,29.92,47.69,92.60,122.66
202745, 18.13,29.92,47.93,92.19,122.83
202752, 18.18,29.92,48.03,91.59,122.50
202759, 18.22,29.92,47.96,91.69,122.17
202806, 18.26,29.92,47.87,91.00,122.00
202813, 18.31,29.92,47.80,90.22,122.17
202820, 18.35,29.92,47.75,90.61,122.33
202827, 18.39,29.92,47.71,90.71,122.33
202834, 18.43,29.92,47.73,90.22,122.33
202841, 18.47,29.92,47.70,90.12,122.00
202848, 18.51,29.92,47.64,89.55,121.17
202855, 18.55,29.92,47.51,89.65,120.84
202902, 18.59,29.93,47.38,89.27,120.34
202909, 18.63,29.93,47.28,89.27,120.01
202916, 18.67,29.93,47.46,88.52,119.68
202923, 18.71,29.93,47.70,88.70,119.68
202930, 18.75,29.93,47.82,88.15,119.68
202937, 18.79,29.93,47.91,88.61,119.68
202944, 18.83,29.93,47.96,87.78,119.68
202951, 18.86,29.93,47.99,87.96,120.01
202958, 18.90,29.93,48.03,87.42,120.01
203005, 18.94,29.93,48.06,87.78,119.84
203012, 18.98,29.93,48.13,87.15,119.68
203019, 19.01,29.93,48.16,86.52,119.84
203026, 19.05,29.93,48.16,86.70,120.01
203033, 19.08,29.93,48.14,86.17,121.17
203040, 19.12,29.92,48.12,85.99,124.33
203047, 19.15,29.91,48.10,85.99,125.16
203054, 19.18,29.91,48.12,85.73,125.49
203101, 19.22,29.91,48.13,85.21,125.32
203108, 19.25,29.91,48.13,85.47,123.33
203115, 19.28,29.92,48.16,85.30,122.83
203122, 19.32,29.92,48.12,85.47,122.33
203129, 19.34,29.92,48.04,85.21,122.17
203136, 19.38,29.92,47.95,85.38,122.50
203143, 19.41,29.92,47.90,85.38,123.66
203150, 19.43,29.90,47.84,84.78,128.06
203157, 19.46,29.89,47.79,84.78,132.63
203204, 19.49,29.87,47.76,84.87,137.37
203211, 19.52,29.85,47.66,84.53,143.44
203218, 19.55,29.84,47.58,84.53,146.27
203225, 19.57,29.83,47.53,84.87,148.85
203232, 19.60,29.82,47.45,84.70,149.69
203239, 19.62,29.82,47.22,84.95,151.60
203246, 19.65,29.82,47.08,85.47,150.19
203253, 19.67,29.82,46.88,85.64,152.27
203300, 19.69,29.82,46.63,85.56,150.35
203307, 19.71,29.82,46.45,86.08,150.35
203314, 19.73,29.82,46.38,86.08,150.69
203321, 19.75,29.82,46.35,86.17,149.19
203328, 19.77,29.83,46.31,86.08,145.94
203335, 19.80,29.85,46.29,85.90,139.62
203342, 19.82,29.87,46.28,85.47,135.88
203349, 19.83,29.88,46.28,84.27,132.13
203356, 19.86,29.89,46.30,83.52,130.89
203403, 19.88,29.88,46.28,83.44,133.80
203410, 19.89,29.87,46.24,82.87,138.70
203417, 19.91,29.85,46.24,82.70,145.02
203424, 19.93,29.82,46.22,83.03,152.43
203431, 19.95,29.80,46.24,82.70,159.43
203438, 19.97,29.78,46.22,82.54,163.35
203445, 19.99,29.77,46.22,81.82,165.35
203452, 20.01,29.76,46.23,81.74,169.69
203459, 20.03,29.74,46.25,81.35,171.94
203506, 20.05,29.74,46.25,81.35,172.61
203513, 20.07,29.74,46.24,81.27,174.44
203520, 20.09,29.73,46.25,81.35,174.11
203527, 20.11,29.74,46.26,81.58,173.44
203534, 20.13,29.74,46.25,81.35,173.94
203541, 20.15,29.73,46.20,81.51,174.78
203548, 20.17,29.73,46.17,81.58,177.36
203555, 20.19,29.72,46.16,81.51,179.95
203602, 20.21,29.72,46.17,81.43,178.36
203609, 20.23,29.73,46.18,81.66,174.11
203616, 20.25,29.74,46.22,81.51,170.69
203623, 20.27,29.75,46.21,81.43,169.69
203630, 20.29,29.75,46.20,81.27,170.35
203637, 20.31,29.75,46.12,81.04,170.85
203644, 20.33,29.74,46.04,81.51,173.44
203651, 20.34,29.73,46.00,81.51,175.69
203658, 20.36,29.73,45.98,81.51,175.19
203705, 20.38,29.73,45.98,81.27,174.11
203712, 20.40,29.74,45.99,81.51,173.77
203719, 20.42,29.73,45.93,81.11,176.19
203726, 20.44,29.72,45.90,81.74,179.78
203733, 20.46,29.71,45.89,81.51,184.54
203740, 20.48,29.69,45.87,81.58,190.81
203747, 20.49,29.66,45.84,81.35,197.75
203754, 20.51,29.64,45.82,81.58,202.85
203801, 20.53,29.63,45.84,81.11,204.95
203808, 20.55,29.62,45.88,80.88,206.45
203815, 20.56,29.62,45.92,80.80,207.71
203822, 20.58,29.61,45.93,80.88,211.06
203829, 20.60,29.60,45.92,80.88,214.32
203836, 20.62,29.59,45.91,80.73,216.00
203843, 20.63,29.59,45.94,80.42,215.33
203850, 20.65,29.60,45.97,80.34,212.56
203857, 20.67,29.60,45.96,80.65,209.38
203904, 20.69,29.62,45.99,80.65,207.54
203911, 20.71,29.62,45.99,80.04,206.79
203918, 20.73,29.62,45.98,80.26,206.62
203925, 20.75,29.62,45.98,80.26,207.21
203932, 20.77,29.62,45.99,79.81,205.78
203939, 20.78,29.63,46.01,80.34,202.69
203946, 20.80,29.64,46.03,79.81,197.42
203953, 20.82,29.66,46.03,79.81,193.49
204000, 20.84,29.67,46.02,80.19,189.56
204007, 20.85,29.69,45.98,79.81,185.55
204014, 20.87,29.70,45.96,79.36,180.95
204021, 20.89,29.71,45.94,79.21,178.86
204028, 20.91,29.72,45.92,77.75,175.86
204035, 20.93,29.74,45.94,76.90,170.69
204042, 20.95,29.75,46.00,75.59,166.52
204049, 20.97,29.77,46.01,75.32,161.93
204056, 20.98,29.79,45.98,74.59,155.18
204103, 21.00,29.81,46.05,74.13,150.85
204110, 21.02,29.82,46.06,74.00,148.69
204117, 21.04,29.82,46.07,73.61,149.69
204124, 21.06,29.82,46.11,73.17,151.10
204131, 21.08,29.82,46.16,73.29,151.27
204138, 21.10,29.82,46.16,72.98,150.69
204145, 21.12,29.82,46.17,73.36,151.10
204152, 21.13,29.82,46.16,73.23,151.27
204159, 21.15,29.81,46.17,73.74,157.35
204206, 21.17,29.80,46.19,73.36,154.27
204213, 21.19,29.81,46.33,73.29,153.60
204220, 21.21,29.81,46.40,73.74,152.43
204227, 21.23,29.82,46.41,74.39,151.27
204234, 21.24,29.81,46.28,74.72,152.93
204241, 21.26,29.81,46.14,75.52,152.93
204248, 21.28,29.82,45.98,76.00,149.85
204255, 21.29,29.83,45.79,76.69,148.35
204302, 21.30,29.83,45.57,77.46,148.85
204309, 21.31,29.83,45.30,78.18,147.19
204316, 21.33,29.83,45.13,79.21,144.69
204323, 21.34,29.84,44.98,78.91,143.44
204330, 21.35,29.85,44.90,79.81,141.78
204337, 21.35,29.85,44.82,80.65,141.78
204344, 21.36,29.84,44.70,80.96,146.11
204351, 21.37,29.83,44.60,81.35,149.69
204358, 21.37,29.82,44.54,82.14,153.77
204405, 21.38,29.80,44.54,81.82,156.51
204412, 21.38,29.79,44.55,81.90,157.51
204419, 21.39,29.79,44.62,81.51,160.93
204426, 21.40,29.77,44.65,81.66,164.18
204433, 21.40,29.78,44.70,81.90,161.26
204440, 21.41,29.78,44.74,81.82,160.76
204447, 21.42,29.78,44.78,81.58,161.76
204454, 21.43,29.77,44.77,81.43,164.35
204501, 21.43,29.76,44.79,81.43,170.19
204508, 21.44,29.74,44.78,81.19,174.78
204515, 21.45,29.73,44.78,81.19,176.86
204522, 21.46,29.73,44.78,81.04,176.86
204529, 21.47,29.73,44.81,80.42,175.86
204536, 21.48,29.73,44.82,80.80,175.86
204543, 21.49,29.73,44.82,81.11,174.61
204550, 21.50,29.74,44.82,80.26,172.61
204557, 21.51,29.75,44.84,80.26,168.68
204604, 21.52,29.76,44.85,80.80,165.02
204611, 21.53,29.77,44.85,79.96,163.35
204618, 21.54,29.77,44.85,79.96,163.52
204625, 21.56,29.77,44.85,79.73,165.18
204632, 21.57,29.76,44.85,79.73,168.35
204639, 21.58,29.75,44.83,79.66,170.02
204646, 21.59,29.75,44.84,79.58,170.35
204653, 21.60,29.75,44.84,79.21,170.19
204700, 21.61,29.75,44.83,79.29,169.52
204707, 21.61,29.75,44.81,79.36,169.35
204714, 21.62,29.75,44.81,79.21,170.85
204721, 21.64,29.74,44.80,79.06,173.61
204728, 21.64,29.73,44.78,79.06,177.20
204735, 21.65,29.72,44.77,79.06,180.79
204742, 21.67,29.71,44.78,79.06,183.12
204749, 21.67,29.70,44.78,78.99,186.21
204756, 21.68,29.69,44.78,79.14,189.56
204803, 21.70,29.68,44.79,78.84,192.15
204810, 21.71,29.67,44.79,78.47,194.91
204817, 21.72,29.66,44.77,78.55,197.25
204824, 21.73,29.65,44.74,78.40,199.84
204831, 21.74,29.64,44.73,78.55,201.68
204838, 21.75,29.64,44.74,78.40,203.44
204845, 21.76,29.63,44.72,78.40,205.28
204852, 21.77,29.62,44.69,77.97,207.54
204859, 21.78,29.61,44.71,78.11,210.39
204906, 21.79,29.60,44.68,78.18,213.40
204913, 21.80,29.59,44.66,77.97,216.84
204920, 21.81,29.58,44.63,77.89,220.44
204927, 21.82,29.56,44.59,78.04,224.55
204934, 21.83,29.55,44.59,77.39,228.83
204941, 21.84,29.53,44.58,77.61,233.27
204948, 21.84,29.52,44.59,77.68,237.64
204955, 21.85,29.50,44.57,77.32,241.42
205002, 21.86,29.49,44.55,77.61,244.53
205009, 21.87,29.48,44.56,77.46,245.87
205016, 21.88,29.48,44.54,77.25,246.04
205023, 21.89,29.48,44.56,76.97,245.87
205030, 21.89,29.49,44.51,77.04,243.85
205037, 21.90,29.49,44.51,77.11,242.34
205044, 21.91,29.50,44.50,76.90,241.25
205051, 21.92,29.50,44.49,77.25,240.75
205058, 21.93,29.50,44.47,76.83,241.75
205105, 21.93,29.49,44.45,76.69,243.85
205112, 21.94,29.48,44.35,77.18,246.79
205119, 21.95,29.47,44.32,77.04,249.99
205126, 21.96,29.46,44.32,76.97,253.44
205133, 21.96,29.45,44.33,77.25,256.80
205140, 21.97,29.44,44.34,77.11,260.08
205147, 21.98,29.43,44.31,76.90,263.70
205154, 21.98,29.41,44.29,76.97,267.66
205201, 21.99,29.40,44.29,76.76,272.12
205208, 21.99,29.38,44.26,76.69,277.43
205215, 22.00,29.36,44.26,76.76,282.57
205222, 22.00,29.34,44.24,76.97,287.38
205229, 22.01,29.33,44.22,76.76,293.03
205236, 22.01,29.31,44.22,76.62,298.35
205243, 22.02,29.29,44.24,76.21,304.01
205250, 22.03,29.27,44.22,76.41,309.25
205257, 22.03,29.25,44.19,76.48,314.07
205304, 22.04,29.23,44.17,76.41,319.57
205311, 22.04,29.22,44.16,76.14,323.89
205318, 22.05,29.20,44.15,75.52,327.28
205325, 22.06,29.19,44.09,75.52,330.07
205332, 22.06,29.18,44.08,75.12,333.88
205339, 22.06,29.17,44.10,74.99,338.21
205346, 22.07,29.15,44.07,74.72,341.77
205353, 22.08,29.14,44.04,74.39,342.70
205400, 22.08,29.15,44.08,73.81,339.39
205407, 22.08,29.17,44.08,73.23,334.22
205414, 22.09,29.19,44.07,72.66,327.78
205421, 22.10,29.21,44.14,71.98,321.94
205428, 22.10,29.23,44.17,71.25,315.09
205435, 22.11,29.25,44.11,70.95,308.49
205442, 22.12,29.28,44.03,70.77,301.31
205449, 22.12,29.30,44.01,70.65,294.64
205456, 22.13,29.32,44.00,70.71,287.72
205503, 22.13,29.35,43.97,70.71,280.72
205510, 22.14,29.37,43.94,70.71,273.64
205517, 22.14,29.40,43.94,70.95,266.98
205524, 22.15,29.42,43.96,70.95,260.08
205531, 22.15,29.45,43.96,71.13,253.44
205538, 22.16,29.47,43.98,71.13,246.21
205545, 22.16,29.49,43.97,70.77,240.07
205552, 22.17,29.51,43.99,70.71,235.96
205559, 22.18,29.52,43.97,70.83,232.52
205606, 22.18,29.54,43.89,70.71,228.99
205613, 22.19,29.55,43.86,70.54,226.06
205620, 22.19,29.56,43.88,70.48,223.88
205627, 22.20,29.56,43.90,70.60,221.78
205634, 22.20,29.57,43.91,70.36,219.44
205641, 22.21,29.58,43.88,70.60,218.60
205648, 22.22,29.58,43.87,70.71,217.84
205655, 22.22,29.58,43.89,70.60,217.34
205702, 22.22,29.58,43.90,70.77,217.17
205709, 22.23,29.58,43.90,71.01,217.17
205716, 22.24,29.58,43.90,71.13,217.34
205723, 22.24,29.58,43.90,71.25,217.51
205730, 22.25,29.58,43.85,71.61,217.17
205737, 22.25,29.58,43.87,71.43,217.00
205744, 22.26,29.58,43.87,71.31,216.67
205751, 22.26,29.59,43.91,71.74,216.50
205758, 22.27,29.59,43.85,71.55,216.67
205805, 22.27,29.59,43.79,71.98,216.84
205812, 22.28,29.59,43.72,72.10,216.50
205819, 22.28,29.58,43.67,72.35,216.67
205826, 22.29,29.59,43.67,72.10,216.33
205833, 22.29,29.59,43.72,72.41,215.83
205840, 22.30,29.59,43.74,72.54,216.50
205847, 22.30,29.58,43.71,72.66,217.84
205854, 22.31,29.58,43.67,72.47,219.60
205901, 22.31,29.57,43.66,72.79,221.28
205908, 22.32,29.57,43.62,72.85,222.28
205915, 22.32,29.57,43.60,72.98,222.12
205922, 22.33,29.57,43.55,73.04,221.11
205930, 22.33,29.57,43.44,72.47,219.77
205937, 22.33,29.58,43.35,72.98,219.60
205944, 22.34,29.58,43.35,73.04,219.60
205951, 22.34,29.58,43.42,73.55,219.10
205958, 22.35,29.58,43.48,73.61,219.60
210005, 22.35,29.57,43.53,72.91,219.94
210002, 22.36,29.57,43.54,72.91,220.11
210009, 22.37,29.57,43.64,73.17,220.61
210006, 22.37,29.57,43.64,73.29,221.11
210003, 22.38,29.57,43.68,73.17,221.78
210000, 22.39,29.57,43.68,73.36,222.28
210007, 22.39,29.56,43.59,73.23,222.87
210004, 22.40,29.56,43.59,73.42,223.04
210101, 22.41,29.56,43.53,73.42,223.04
210108, 22.41,29.56,43.50,73.74,222.70
210105, 22.42,29.56,43.49,73.61,222.37
210102, 22.42,29.56,43.47,73.74,222.54
210109, 22.43,29.56,43.47,73.61,222.37
210106, 22.43,29.56,43.48,73.49,222.54
210103, 22.44,29.56,43.50,73.55,222.54
210100, 22.44,29.57,43.51,73.61,222.54
210107, 22.44,29.56,43.49,73.29,222.54
210204, 22.45,29.56,43.47,73.74,223.04
210201, 22.45,29.56,43.41,73.61,223.54
210208, 22.46,29.56,43.42,73.23,223.54
210205, 22.46,29.56,43.42,73.42,223.71
210202, 22.47,29.56,43.41,73.29,223.71
210209, 22.47,29.56,43.39,73.17,223.71
210206, 22.48,29.56,43.36,73.04,224.05
210203, 22.48,29.56,43.32,73.17,224.72
210300, 22.49,29.56,43.30,73.04,225.22
210307, 22.50,29.56,43.29,73.23,224.88
210304, 22.50,29.55,43.33,73.36,225.72
210301, 22.51,29.55,43.29,73.55,228.66
210308, 22.52,29.54,42.95,73.87,232.35
210305, 22.52,29.53,42.91,74.33,232.02
210302, 22.53,29.54,43.05,74.26,230.17
210309, 22.53,29.54,43.12,74.00,229.16
210306, 22.54,29.54,43.11,74.19,228.66
210403, 22.55,29.54,43.19,74.00,228.49
210400, 22.55,29.54,43.29,73.87,228.16
210407, 22.56,29.55,43.34,74.46,227.48
210404, 22.57,29.55,43.38,74.92,226.81
210401, 22.58,29.55,43.43,74.59,226.81
210408, 22.58,29.55,43.45,73.74,227.32
210405, 22.59,29.55,43.44,74.26,227.48
210402, 22.60,29.55,43.43,74.33,227.32
210409, 22.60,29.55,43.37,73.81,228.16
210506, 22.60,29.54,43.29,73.81,230.84
210503, 22.61,29.53,43.24,74.19,235.12
210500, 22.61,29.51,43.19,74.99,238.73
210507, 22.62,29.50,43.20,74.07,240.58
210504, 22.62,29.50,43.19,74.33,241.75
210501, 22.63,29.50,43.21,74.72,242.51
210508, 22.63,29.49,43.21,74.19,243.01
210505, 22.64,29.49,43.28,74.99,243.85
210602, 22.64,29.49,43.16,74.46,245.20
210609, 22.65,29.48,42.88,75.39,245.87
210606, 22.65,29.48,42.92,75.05,244.53
210603, 22.65,29.49,42.99,75.32,242.01
210600, 22.66,29.50,43.03,74.85,239.23
210607, 22.66,29.51,43.06,75.05,238.39
210604, 22.66,29.51,43.16,74.72,239.91
210601, 22.67,29.50,43.21,75.46,242.68
210608, 22.67,29.49,43.22,74.72,246.04
210705, 22.67,29.48,43.20,74.85,248.64
210702, 22.68,29.47,43.19,74.92,250.91
210709, 22.68,29.46,43.08,75.39,251.25
210706, 22.69,29.46,42.82,76.07,250.74
210703, 22.69,29.47,42.90,75.79,250.58
210700, 22.69,29.47,42.99,76.14,250.41
210707, 22.69,29.47,42.99,75.79,250.74
210704, 22.70,29.47,42.91,75.39,250.58
210801, 22.70,29.47,42.96,75.46,250.91
210808, 22.70,29.46,42.18,77.11,251.08
210805, 22.69,29.46,40.23,79.81,251.08
210802, 22.68,29.46,39.15,82.62,251.25
210809, 22.65,29.46,37.74,85.21,251.59
210807, 22.60,29.46,36.58,87.15,251.75
210804, 22.50,29.46,35.18,90.12,252.26
210801, 22.38,29.46,33.62,93.52,252.26
210808, 22.26,29.46,32.95,95.10,252.09
210905, 22.14,29.46,32.88,95.39,252.43
210902, 21.89,29.46,32.32,98.80,252.59
210909, 21.52,29.46,31.97,100.87,252.76
210906, 21.18,29.46,32.17,102.33,252.76
210903, 20.91,29.46,32.60,102.65,252.76
210900, 20.61,29.46,32.91,105.21,253.77
210907, 20.16,29.45,33.16,107.96,253.94
210904, 19.65,29.45,33.60,108.73,253.77
211001, 19.16,29.45,34.30,109.79,254.11
211008, 18.77,29.45,35.11,109.44,253.60
211015, 18.52,29.46,35.81,109.01,253.60
211022, 18.32,29.46,36.29,110.44,252.43
211029, 18.16,29.46,36.82,109.58,252.76
211036, 18.07,29.45,37.76,107.42,254.28
211043, 18.03,29.45,39.65,103.40,254.78
211050, 18.04,29.45,41.48,100.93,255.12
211057, 18.07,29.45,42.55,99.62,255.12
211104, 18.13,29.45,43.61,96.87,255.12
211111, 18.19,29.45,44.38,96.15,254.95
211118, 18.26,29.45,44.69,95.07,254.61
211125, 18.33,29.45,45.37,95.32,254.61
211132, 18.40,29.45,45.82,94.36,254.61
211139, 18.47,29.45,46.01,93.73,254.61
211146, 18.53,29.45,46.06,93.52,254.44
211153, 18.59,29.45,45.97,93.32,254.61
211200, 18.64,29.45,46.12,93.52,254.95
211207, 18.69,29.45,46.29,92.19,254.44
211214, 18.74,29.45,46.32,92.19,254.44
211221, 18.79,29.45,46.29,91.79,254.44
211228, 18.84,29.45,46.25,92.09,254.28
211235, 18.88,29.45,46.20,91.79,254.11
211242, 18.93,29.45,46.15,91.20,254.44
211249, 18.97,29.45,46.16,91.59,254.28
211256, 19.02,29.45,46.41,91.10,254.28
211303, 19.06,29.45,46.63,89.93,254.61
